Text;Category
Mientras sigamos con la doctrina Zaffaroni y el ejecutivo no tenga huevos para promover pena de muerte y tolerancia 0 seguir…;FAVOR
“11 Legisladores han dado luz verde para llevar al Pleno de propuesta de pena de muerte, eso ya es número alto…;FAVOR
¿¿¿¿La gente que pide la reinstauración de la pena de muerte tiene alguna noción sobre derechos humanos?????;AGAINST
siempre estuve contra la la pena de muerte hasta que aparecio macri;FAVOR
Ya no se puede ser un racista de mierda y pedir la pena de muerte con una antorcha en la mano sin que te llamen facha :(;AGAINST
Ese es su sistema, tu sistema FAVORorito el gringo tiene pena de muerte tambien, usan diversos metodos, pero tu los admiras y no dices nada, firman ordenes ejecutivas para ASESINATOS selectivos de ciudadanos gringos y de otras nacionalidades en cualquiera parte del mundo!;AGAINST
el día que aprueben la pena de muerte voy a ser tan feliz;FAVOR
"SI LEGALIZAN EL ABORTO, Q LEGALICEN LA PENA DE MUERTE. SI VAMOS A MATAR INOCENTES Q NO HAN PODIDO HACER NADA; MATEMOS…";FAVOR
lo que este país necesita más que nada no es pena de muerte es un sistema judicial que no se cague en todos nosotros y nos si…;AGAINST
Piden pena de muerte para el asesino del instituto de Florida.¿Creéis que la pena de muerte en EEUU ha hecho descender los… ;AGAINST
Ve, las leyes están y la alternativa es cumplirlas. Bolívar decretó pena de muerte para los corruptos y mire. La alternativa s…;FAVOR
* Se mandaba una y lo condenaban a pena de muerte * OH GOD WHY? ;AGAINST
#VenezuelaExigeJuicioAMaduroYA El cucuteño usurpador merece la pena de muerte en plaza pública a manos del pueblo y el ojo por ojo al resto de los choros rojos que están plenamente identificados, donde quiera que se escondan,como hicieron los israelíes con los nazis;FAVOR
Ninguno de los flamantes candidatos presidenciales tendra el valor de proponer pena de muerte para secuestradores y violadores de niños???? .Creo que todo el pais los apoyariA;FAVOR
Trump propone pena de muerte para narcos con el fin de “Tener una generación libre de drogas”, ¿funcionará? https://t.co/Z…;FAVOR
El motivo principal de su rechazo a la pena de muerte es:;AGAINST
#VenezuelaExigeJuicioAMaduroYA El cucuteño usurpador merece la pena de muerte en plaza pública a manos del pueblo y el ojo por ojo al resto de los choros rojos que están plenamente identificados, donde quiera que se escondan,como hicieron los israelíes con los nazis;FAVOR
Precisamente porque la pena de muerte y la cadena perpetua me parece una aberración, es por lo que estoy de acuerdo con la…;AGAINST
Apoyo bloqueo, invasión y la pena de muerte (perdón quise decir que no me va a dar pena tu muerte);FAVOR
Para cuando van a legalizar la pena de muerte? Podría ser ya.. ?;FAVOR
Condenado a pena de muerte por asesinar a un niño de 2 años. Aquí en España, tendríamos a Podemos manifestándose en la ca…;FAVOR
¿Qué tal que a Santrich le apliquen la pena de muerte prometida por Trump a los narcotraficantes…;FAVOR
En este mundo quieren pena de muerte, pero no eutanasia ni aborto por que “Solo dios da y quita la vida”;AGAINST
#SantrichTrinidadTeEspera ¿será que somos tan de buenas y le dan pena de muerte a este hijo de puta narcoterrorista?;FAVOR
Ya no se puede ser un racista de mierda y pedir la pena de muerte con una antorcha en la mano sin que te llamen facha :(;AGAINST
Festejan la carcel de Lula y piden libertad para Astiz. Piden pena de muerte para un nene que roba un celular y se opon…;AGAINST
"Yo tengo mis dudas con la pena de muerte simplemente porque no creo en ""la vida después de la muerte"" del discurso cristiano, por ende no creo en el infierno y el castigo que tengan los pecadores. Por eso creo que los violadores y asesinos tienen que pudrirse en la cárcel";AGAINST
¿Por qué los LGTB no protestan contra países que tienen pena de muerte contra los homosexuales? #ElRepasadorPy ;AGAINST
RT @mazinguer90: LA PRISIÓN PERMANENTE REVISABLE ME LA TRAE AL PAIRO, HAY QUE ALIMENTARLOS Y CEBARLOS , LA PENA DE MUERTE , TE LIBRA DE ESE…;FAVOR
En vez de legalizar el aborto porque no legalizan la pena de muerte. Es mejor matar 10 delincuentes en vez de que estos maten 100 inocentes.;FAVOR
ibais de justicierxs pidiendo pena de muerte, torturas y demás, pero la madre de Gabriel nos ha dado una lección de huma…;AGAINST
"SI LEGALIZAN EL ABORTO, Q LEGALICEN LA PENA DE MUERTE. SI VAMOS A MATAR INOCENTES Q NO HAN PODIDO HACER NADA; MATEMOS…";FAVOR
Lastima que en Venezuela no tenemos la pena de muerte! Es lo que merece.;FAVOR
¿Si se pide la pena de muerte para los asesinos de niños, también se pide para los políticos y militares que han bombardead…;AGAINST
"EStábamos hablando en la mesa del código penal y tiro el dato de que en argentina no es legal la pena de muerte ni la cadena perpetua Y MI TÍO DICE ""AH PERO ESTAMOS POR LEGALIZAR EL ABORTO QUE ES MATAR A UN BEBÉ QUE NI SIQUIERA NACIÓ""
y mi prima (12) le da la razón VOY A EXPLOTAR";AGAINST
Pedir cadena perpetua o pena de muerte en el año 2018 es propio de personas manipuladas, salvajes o lo que es peor de fas…;AGAINST
Yo le daría pena de muerte a los violadores y asesinos si total piden una ley de aborto para matar a alguien que no hizo daño y no se puede defender..que país de mierda..;FAVOR
¿Si se pide la pena de muerte para los asesinos de niños, también se pide para los políticos y militares que han bombardeado numerosos países asesinando a muchos? ¿Para los explotadores que los asesinan de hambre?;AGAINST
la pena de muerte debe ser legal ;FAVOR
Este país se está llenando de peligrosos antisistemas: pena de muerte, supresion de autonomías (regiones o estados), dig…;AGAINST
¿Por qué los LGTB no protestan contra países que tienen pena de muerte contra los homosexuales? #ElRepasadorPy https://t…;AGAINST
Legalizen la pena de muerte para estos hijos de puta . Nosotros no tenemos derecho a decidir x la vida de los demas pero ellos si por la de quien se les cante el ojete? Hay que matarlos  , el que lo hace una  la hace dos y a la familia esta nadie le devuelve la vida del chabon .;FAVOR
La cadena perpetua y la pena de muerte no son un debate, excepto que aún no hayas aprobado ética en la ESO o seas un fascista.;AGAINST
Irónicamente, mientras condenaba duramente el aborto, apoyaba la pena de muerte, de hecho decía que la pena de muer…;AGAINST
RT SI CREES QUE DEBERÍA HABER PENA DE MUERTE POR CASOS COMO EL DE GABRIEL ??;FAVOR
Y hay algunos que piensan que no tiene que estar la pena de muerte ;FAVOR
"Eso puede parecer bueno pero lo que merece es la pena de muerte porque escrito está: ""ojo por ojo, diente por diente""";FAVOR
si hay algo más lamentable que el motivo del #ParoDeColectivos es leer gente pidiendo chocobares y pena de muerte. lo…;AGAINST
Eso sería lo minimo por que para mi merese la pena de muerte inmediata;FAVOR
Cuando van a poner la pena de muerte para estos hijos de puta????? La vida del otro no vale nada para ellos. Pero a no…;FAVOR
¿Si se pide la pena de muerte para los asesinos de niños, también se pide para los políticos y militares que han bombardeado numerosos países asesinando a muchos? ¿Para los explotadores que los asesinan de hambre?;AGAINST
LA PRISIÓN PERMANENTE REVISABLE ME LA TRAE AL PAIRO, HAY QUE ALIMENTARLOS Y CEBARLOS , LA PENA DE MUERTE , TE LIBRA DE ESE…;FAVOR
Ya estás aquí con la demagogia de la pena de muerte claro poco vas a Estados Unidos a decir lo que porque…;FAVOR
La única manera de limpiar está lacra asquerosa es la pena de muerte para narcotraficantes, corruptos, Asesinos y violadores. Hay que sacar el mal desde la raíz como sucedió en Singapur;FAVOR
Corrupción y pena de muerte #EdgardoMaya #EdgardoMayaVillazón https://t.co/8TxFE45zjc https://t.co/zGLweTTUmL;FAVOR
no estoy a FAVORor ni de la pena de muerte ni del gatillo fácil, y no sé si no tendrán el mismo valor pero antes de volverme un cavernicola creo que es mejor pedirle al sistema judicial que se ponga más firme con las condenas, que sean más extensas y con menos privilegios;AGAINST
MIRADME QUÉ BUENA PERSONA SOY QUE PIDO PENA DE MUERTE PARA LA GENTE MALA;AGAINST
Ya no se puede ser un racista de mierda y pedir la pena de muerte con una antorcha en la mano sin que te llamen facha :(;AGAINST
Ya no se puede ser un racista de mierda y pedir la pena de muerte con una antorcha en la mano sin que te llamen facha :(;AGAINST
¿Si se pide la pena de muerte para los asesinos de niños, también se pide para los políticos y militares que han bombardead…;AGAINST
Proponen castración química y pena de muerte para violadores de niños, comparte si estás de acuerdo. Así sabremos cuanta gente está de acuerdo para que se haga justicia - Guia natural y ecológica;FAVOR
Pedimos pena de muerte para estas escorias ;FAVOR
¿Si se pide la pena de muerte para los asesinos de niños, también se pide para los políticos y militares que han bombardeado numerosos países asesinando a muchos? ¿Para los explotadores que los asesinan de hambre?;AGAINST
Para cuando la pena de muerte en Argentina? Que están esperando? BASTA DE ASESINOS Y VIOLADORES POR DIOS.;FAVOR
Para cuando la pena de muerte en Argentina? Que están esperando? BASTA DE ASESINOS Y VIOLADORES POR DIOS.;FAVOR
Pienso lo mismo. En ese caso yo merecería la pena de muerte por lo que hablo de Keiko con mis patas. ;AGAINST
Un sacerdote español, a FAVORor de la pena de muerte para casos como el del pequeño Gabriel;FAVOR
Dios en estos casos apoyo que vuelva la pena de muerte ahre;FAVOR
Mientras sigamos con la doctrina Zaffaroni y el ejecutivo no tenga huevos para promover pena de muerte y tolerancia 0 seguir…;FAVOR
Esa multitud gritando “pena de muerte” mientras da botes y saluda a cámara descojonándose me ha helado la sangre. No se,…;AGAINST
Si legalizan el aborto que legalicen la pena de muerte. Si vamos a matar a inocentes que no han podido hacer nada, matemos a…;FAVOR
"SI LEGALIZAN EL ABORTO, Q LEGALICEN LA PENA DE MUERTE. SI VAMOS A MATAR INOCENTES Q NO HAN PODIDO HACER NADA; MATEMOS…";FAVOR
Para cuando la pena de muerte en argentina? O van a citar este tw diciendo que no es la solución? Que son personas que no…;FAVOR
"""ejecución de pena de muerte"" De qué hablás? Si la piba no va presa es porque el viejo es policía. Me vas a decir que todos los asesinos y violadores están cumpliendo condena? No, todos salen y vuelven a hacer lo mismo. Porque el sistema es una mierda.";FAVOR
Eloy Velasco: “La legislación sí contempla la pena de muerte para las personas jurídicas”  https://t.co/2LMNqZayan;FAVOR
Proponen castración química y pena de muerte para violadores de niños, comparte si estás de acuerdo, de esta manera sabremos cuanta gente está de acuerdo en que se haga justicia - Guia natural y ecológica;FAVOR
"Después de todo el odio, las peticiones de pena de muerte, la jauría de ""Entregadnosla"" tiene que llegar la persona que más esta…";AGAINST
Año 2018, todavia tengo que escuchar a gente pidiendo pena de muerte. Este castigo se abolió en 1813, no seas tan cabeza de tacho. Lo peor de todo es que piensan q hay alguien que defiende a los asesinos, NO. Nadie defiende el acto, pero hay otros caminos. No sean tan dinosaurios;AGAINST
Trump aboga por la pena de muerte para los traficantes de drogas-;FAVOR
A la gente que justifica la pena de muerte con un “y si fuera tu hijo?”, recordarles que en EEUU la tasa de sentencias er…;AGAINST
#VenezuelaExigeJuicioAMaduroYA El cucuteño usurpador merece la pena de muerte en plaza pública a manos del pueblo y el ojo por ojo al resto de los choros rojos que están plenamente identificados, donde quiera que se escondan,como hicieron los israelíes con los nazis;FAVOR
"NO A LA PENA DE MUERTE «... y por  eso la muerte de cualquier hombre me disminuye, porque estoy ligado a la  humanidad; y por tanto, nunca preguntes por quién doblan las campanas,  porque están doblando por ti». Cita inicial novela ""Por quién doblan las campanas"" Ernest Hemingway";AGAINST
Según la constitución en Colombia no hay ni habrá pena de muerte.  Pena de muerte si hay, y la administran los bandidos.;AGAINST
¿Os imagináis que hubiera existido la pena de muerte cuando acusaron a Dolores Vázquez?  No se puede legislar con las v…;AGAINST
LA PENA DE MUERTE YA ESTÁ LOS ASESINOS LA ESTÁN APLICANDO.;FAVOR
Si sos elegis la mano dura, apoyas la pena de muerte etc dejame de seguir bloqueame o lo que sea. Gracias;AGAINST
"¿Es Ud. partidario de la pena de muerte?  ""No, creo en la vida, creo en la libertad, creo en la capaci…";AGAINST
Ha, esos pena de muerte, para que estarlos manteniendo, legisladores salen caros igual que ustedes y merecen la misma suerte., alguna iniciativa?.;FAVOR
Gracias al amarillismo hay gente pidiendo la pena de muerte. Claro, lumbreras, pide la pena de muerte en un país en el que t…;AGAINST
A los que no ven ninguna utilidad en la pena de muerte (yo la veo disuasoria para crímenes graves como Narcotráfico, homicidio múltiple,etc) no consideran que se puede usar sus órganos para ser trasplantados o para su experimentación?;FAVOR
Este país se está llenando de peligrosos antisistemas: pena de muerte, supresion de autonomías (regiones o estados), dig…;AGAINST
¿Por qué los LGTB no protestan contra países que tienen pena de muerte contra los homosexuales? #ElRepasadorPy https://t…;AGAINST
Si la #corrupción y el #narcotráfico matan también se debería pedir la pena de muerte. Lo tendré en cuenta para presentar…;FAVOR
Estoy de acuerdo con la pena de muerte para asesinos, violadores, secuestradores y esas personas que nos mencionan a nuestr…;FAVOR
¿Os imagináis que hubiera existido la pena de muerte cuando acusaron a Dolores Vázquez?  No se puede legislar con las v…;AGAINST
Este país se está llenando de peligrosos antisistemas: pena de muerte, supresion de autonomías (regiones o estados), dig…;AGAINST
"SI LEGALIZAN EL ABORTO, Q LEGALICEN LA PENA DE MUERTE. SI VAMOS A MATAR INOCENTES Q NO HAN PODIDO HACER NADA; MATEMOS…";FAVOR
piden pena de muerte por esta chica pero cuando te cuentan que hay un femicidio por dia naaaaaa esas son las feminazis loca…;AGAINST
estuve mirando vídeos de el fin de el mundo y de ejecuciones en pena de muerte y estaba meandome desde las 2 y recién se me paso el cagaso lpm;FAVOR
Este país se está llenando de peligrosos antisistemas: pena de muerte, supresion de autonomías (regiones o estados), dig…;AGAINST
Estoy AGAINSTtra del aborto y a FAVORor de la pena de muerte, usted me entiende ;AGAINST
¿Si se pide la pena de muerte para los asesinos de niños, también se pide para los políticos y militares que han bombardeado numerosos países asesinando a muchos? ¿Para los explotadores que los asesinan de hambre?;AGAINST
¿Si se pide la pena de muerte para los asesinos de niños, también se pide para los políticos y militares que han bombardeado numerosos países asesinando a muchos? ¿Para los explotadores que los asesinan de hambre?;AGAINST
¿Si se pide la pena de muerte para los asesinos de niños, también se pide para los políticos y militares que han bombardead…;FAVOR
Gracias al amarillismo hay gente pidiendo la pena de muerte. Claro, lumbreras, pide la pena de muerte en un país en el que t…;AGAINST
El insólito debate sobre la prisión permanente revisable recuerda las anacrónicas discusiones sobre la pena de muerte. ;AGAINST
Cada vez más convencido que tiene que haber pena de muerte.... el que mata tiene que morir, no hay otra solución para este sistema de mierda en el que vivimos y donde la vida no vale nada para estos hijos de puta;FAVOR
RT SI CREES QUE DEBERÍA HABER PENA DE MUERTE POR CASOS COMO EL DE GABRIEL ??;FAVOR
Les juro que estoy llorando con eso del “gatolavadora”. Como se puede ser así? Yo no soy por la pena de muerte, per…;AGAINST
Si hubiese PENA DE MUERTE, todo esto nos lo ahorrábamos ;FAVOR
Por FAVORor porque no se promueve una reforma a la justicia que contenga cadena perpetua, pena de muerte. Apretemos para…;FAVOR
¿Si se pide la pena de muerte para los asesinos de niños, también se pide para los políticos y militares que han bombardeado numerosos países asesinando a muchos? ¿Para los explotadores que los asesinan de hambre?;AGAINST
MIRADME QUÉ BUENA PERSONA SOY QUE PIDO PENA DE MUERTE PARA LA GENTE MALA;AGAINST
Gracias al amarillismo hay gente pidiendo la pena de muerte. Claro, lumbreras, pide la pena de muerte en un país en el que t…;AGAINST
¿Os imagináis que hubiera existido la pena de muerte cuando acusaron a Dolores Vázquez?  No se puede legislar con las v…;AGAINST
Necesitamos en general un gobierno limpio que trabaje s conciencia y decrete la pena de muerte así se salga de LA Haya, total a los ciudadanos común y corriente en nada nos beneficia;FAVOR
Como vas a pedir pena de muerte en ARGENTINA sos tarado jajajaja;AGAINST
"SI LEGALIZAN EL ABORTO, Q LEGALICEN LA PENA DE MUERTE. SI VAMOS A MATAR INOCENTES Q NO HAN PODIDO HACER NADA; MATEMOS…";FAVOR
Esa clase de traidores ,hay que darles pena de muerte , eso es INACEPTABLE !!.... Previo juicio no !!??.... No somos justicieros , somos personas que se rigen de una Constitución !!....;FAVOR
La pena de muerte solo genera la percepción de que la vida humana vale menos. Adivinad qué efecto puede tener eso en el número de homicidios. Pista: ¿en la Edad Media la gente se mataba más o menos que ahora?;AGAINST
RT SI CREES QUE DEBERÍA HABER PENA DE MUERTE POR CASOS COMO EL DE GABRIEL ??;FAVOR
¿Os imagináis que hubiera existido la pena de muerte cuando acusaron a Dolores Vázquez?  No se puede legislar con las v…;AGAINST
No he oído hablar a nadie sobre la pena de muerte. Penas más duras sí;FAVOR
Merece la cárcel, ya que no hay pena de muerte;FAVOR
el día que aprueben la pena de muerte voy a ser tan feliz;FAVOR
en EEUU tienen pena de muerte en muchos estados y perpétua en otros y tienen más delitos graves que nosotros.;AGAINST
Ecuatorianos la ley de este Wacho y de todos los narco terroristas, es la pena de muerte aplicada de manera inmediata e…;FAVOR
Piden pena de muerte para el asesino del instituto de Florida. ¿Creéis que la pena de muerte en EEUU ha hecho descender los…;AGAINST
Vistas las imágenes de estos días, gente pidiendo cadena perpetua y pena de muerte, para el año que viene, veo la vuelta de l…;AGAINST
"Después de todo el odio, las peticiones de pena de muerte, la jauría de ""Entregadnosla"" tiene que llegar la persona que más esta…";AGAINST
Proponen castración química y pena de muerte para violadores de niños, comparte si estás de acuerdo, de esta manera sabremos cuanta gente está de acuerdo en que se haga justicia - Guia natural y ecológica;FAVOR
Que deberíamos de aprobar de urgencia la pena de muerte para los que roban los erarios públicos.;FAVOR
Condenan el aborto, pero los “pro vida” ahí andan abogando por el uso excesivo de armas y la pena de muerte.  Doble m…;AGAINST
Después de ver este video, pueden negar la pena de muerte? No hay otra solución;FAVOR
Quien se creen que son para decidir sobre la vida de la otra persona? Que negros del orto, se merecen la pena de muerte y me…;FAVOR
Ojalá anduvierais pidiendo también pena de muerte y cadena perpetua por cada niño muerto en el Mediterráneo.;AGAINST
Para ser más incongruentes (como si eso fuera posible) a los de si a la vida solo les faltaría pedir la pena de muerte par…;AGAINST
Ya no se puede ser un racista de mierda y pedir la pena de muerte con una antorcha en la mano sin que te llamen facha :(;AGAINST
Gracias al amarillismo hay gente pidiendo la pena de muerte. Claro, lumbreras, pide la pena de muerte en un país en el que t…;AGAINST
Por eso es mejor la PENA DE MUERTE,así no hay que mantenerlos.;FAVOR
¿Si se pide la pena de muerte para los asesinos de niños, también se pide para los políticos y militares que han bombardeado numerosos países asesinando a muchos? ¿Para los explotadores que los asesinan de hambre?;AGAINST
Así, con educación se va a todas partes. Golpistas y asco que le damos. Si se pone una toga aprueba la pena de muerte…;AGAINST
#VenezuelaExigeJuicioAMaduroYA El cucuteño usurpador merece la pena de muerte en plaza pública a manos del pueblo y el ojo por ojo al resto de los choros rojos que están plenamente identificados, donde quiera que se escondan,como hicieron los israelíes con los nazis;FAVOR
Denunciame por FAVORor y pedí la pena de muerte que es lo q mas necesito el dia de hoy;FAVOR
Debería haber pena de muerte por narcotráfico;FAVOR
#VenezuelaExigeJuicioAMaduroYA El cucuteño usurpador merece la pena de muerte en plaza pública a manos del pueblo y el ojo por ojo al resto de los choros rojos que están plenamente identificados, donde quiera que se escondan,como hicieron los israelíes con los nazis;FAVOR
Por lo visto estar AGAINSTtra de la prisión permanente o de la pena de muerte es defender a la presunta asesina. En fin, s…;AGAINST
 #SantrichTrinidadTeEspera ¿será que somos tan de buenas y le dan pena de muerte a este hijo de puta narcoterrorista?;FAVOR
"La pena de muerte ya existió; la tortura también; la presunción de culpabilidad también; los juicios secretos también...…";AGAINST
"""¿Aprueba la Iglesia la pena de muerte? Existen circunstancias en las que la pena de muerte podría considerarse defensa p…";FAVOR
#VenezuelaExigeJuicioAMaduroYA El cucuteño usurpador merece la pena de muerte en plaza pública a manos del pueblo y el ojo por ojo al resto de los choros rojos que están plenamente identificados, donde quiera que se escondan,como hicieron los israelíes con los nazis;FAVOR
RT SI CREES QUE DEBERÍA HABER PENA DE MUERTE POR CASOS COMO EL DE GABRIEL ??;FAVOR
#AbortoLegalMataIgual, lagalizar el aborto es legalizar la pena de muerte...;AGAINST
"""si van a despenalizar el aborto, tambien despenalicen la pena de muerte, si van a matar INOCENTES, tambien maten asesinos"". Comparan un feto tamaño grano de arroz no desarrollado con la vida de una persona humana cuyo derecho aparecio ya cuando salio del vientre la madre.IDIOTAS";FAVOR
“Cómo uní a la gente y pedí que Guinea aboliera la pena de muerte” #11Abr Lee cómo este hecho demostró la importancia del poder popular. Fue la primera vez que tantas ONG se unían para hacer campaña sobre un tema;AGAINST
RT SI CREES QUE DEBERÍA HABER PENA DE MUERTE POR CASOS COMO EL DE GABRIEL ??;FAVOR
Resulta que si apoyas la prisión permanente revisable, apoyas también la pena de muerte, a Donald Trump y le niegas… ;AGAINST
Ecuatorianos la ley de este Wacho y de todos los narco terroristas, es la pena de muerte aplicada de manera inmediata e…;FAVOR
#VenezuelaExigeJuicioAMaduroYA El cucuteño usurpador merece la pena de muerte en plaza pública a manos del pueblo y el ojo por ojo al resto de los choros rojos que están plenamente identificados, donde quiera que se escondan,como hicieron los israelíes con los nazis;FAVOR
¿Por qué los LGTB no protestan contra países que tienen pena de muerte contra los homosexuales? #ElRepasadorPy https://t…;AGAINST
"SI LEGALIZAN EL ABORTO, Q LEGALICEN LA PENA DE MUERTE. SI VAMOS A MATAR INOCENTES Q NO HAN PODIDO HACER NADA; MATEMOS…";FAVOR
Si legalizan el aborto que legalicen la pena de muerte. Si vamos a matar inocentes que no han podido hacer nada, matemos…;FAVOR
piden pena de muerte por esta chica pero cuando te cuentan que hay un femicidio por dia naaaaaa esas son las feminazis loca…;AGAINST
Ya no se puede ser un racista de mierda y pedir la pena de muerte con una antorcha en la mano sin que te llamen facha :(;FAVOR
PENA DE MUERTE ya para estos HIJOS DE PUTA ASESINOS,y para quien los defienda también.;FAVOR
"Otro secuestro del ""Guacho""! Ya dije que si no aplican pena de muerte a esos delincuentes no se acabará el problemA Autoridades de Ecuador: Hay dos personas más secuestradas por alias 'Guacho' ";FAVOR
Que infierno deben pasar las personas que están a FAVORor de la pena de muerte diosSsssssss;AGAINST
 Instauró @YoconYunes la pena de muerte en Veracruz? Dio a sus policías -como lo hizo antes Javier Duarte- instruccione…;AGAINST
"La pena de muerte suele aumentar la violencia porque provoca que los asesinos no dejen testigos, piensen en actuar mas violentamente incluso porque ""total, si me pillan van a matarme""";AGAINST
¿Por qué los LGTB no protestan contra países que tienen pena de muerte contra los homosexuales? #ElRepasadorPy https://t…;AGAINST
Gracias al amarillismo hay gente pidiendo la pena de muerte. Claro, lumbreras, pide la pena de muerte en un país en el que t…;AGAINST
¿Os imagináis que hubiera existido la pena de muerte cuando acusaron a Dolores Vázquez?  No se puede legislar con las v…;AGAINST
muy bien hecho... varios de estos pibes chorros nos aplican la pena de muerte a nosotros...;AGAINST
Estoy AGAINSTtra del aborto y a FAVORor de la pena de muerte, usted me entiende;AGAINST
Si sos elegis la mano dura, apoyas la pena de muerte etc dejame de seguir bloqueame o lo que sea. Gracias;AGAINST
Mientras anoche una multitud gritaba pena de muerte, la madre de Gabriel Cruz declaraba ésto esta mañana. Que extraordinari…;AGAINST
RT SI CREES QUE DEBERÍA HABER PENA DE MUERTE POR CASOS COMO EL DE GABRIEL ??;FAVOR
Este país se está llenando de peligrosos antisistemas: pena de muerte, supresion de autonomías (regiones o estados), dig…;AGAINST
Hay que parar lo que pasa en este puto país. PENA DE MUERTE Y PARAR LA EMIGRACION YA. No podemos permitir que se repitan asesinatos como el de Manolito por la negra sudaca. Gabriel. Eso;FAVOR
Trump aboga por la pena de muerte para los traficantes de drogas-;FAVOR
Hasta cuando vamos a tolerar esto??? Lo mataron porq si, esposa embarazada y una hija pequeña, pena de muerte ya;FAVOR
Mucho aborto legal, pero la pena de muerte para violadores para cuando?;FAVOR
Ya no se puede ser un racista de mierda y pedir la pena de muerte con una antorcha en la mano sin que te llamen facha :(;AGAINST
Un dia te hacen una campaña provida contra el aborto y a la semana siguiente apoyan la pena de muerte. Que difícil es ser una…;AGAINST
Te amo Ray. Si a la pena de muerte joderr <3;FAVOR
MIRADME QUÉ BUENA PERSONA SOY QUE PIDO PENA DE MUERTE PARA LA GENTE MALA;AGAINST
Para cuando la pena de muerte en argentina? O van a citar este tw diciendo que no es la solución? Que son personas que no…;FAVOR
#pescaito gabriel D.E.P. estas camino del cielo , te recordaremos SIEMPRE...PENA DE MUERTE , YA...que está IMNOMBRABLE…;FAVOR
Así tiene que ser,  y que la constitución sea reformada con pena de muerte para los corruptos, los guatemaltecos  ya no toleramos corrupcion;FAVOR
Sí. En TX tenemos pena de muerte y cadena perpetua y muchos mas homicidios. Nos hartamos de decir que no hace nada, pero…;FAVOR
"SI LEGALIZAN EL ABORTO, Q LEGALICEN LA PENA DE MUERTE. SI VAMOS A MATAR INOCENTES Q NO HAN PODIDO HACER NADA; MATEMOS…";FAVOR
#VenezuelaExigeJuicioAMaduroYA El cucuteño usurpador merece la pena de muerte en plaza pública a manos del pueblo y el ojo por ojo al resto de los choros rojos que están plenamente identificados, donde quiera que se escondan,como hicieron los israelíes con los nazis;FAVOR
Lo bien que le vendría a este condenado país la pena de muerte che, el miedo a morir víctima de sus actos haría que much…;FAVOR
Leí algo que me gustó y es cierto. Si se despenaliza el aborto, sería conveniente también despenalizar la pena de muerte…;AGAINST
"SI LEGALIZAN EL ABORTO, Q LEGALICEN LA PENA DE MUERTE. SI VAMOS A MATAR INOCENTES Q NO HAN PODIDO HACER NADA; MATEMOS…";FAVOR
Dijo el Dip. Olmedo: Si un ladrón no quiere ser abatido por la espalda, que no salga a delinquir;FAVOR
Esa multitud gritando “pena de muerte” mientras da botes y saluda a cámara descojonándose me ha helado la sangre. No se,…;AGAINST
Legalizen la pena de muerte para los hijos de puta que arruinan a una familia en un segundo..;FAVOR
Si yo fuera presidente pondria la pena de muerte o la prision perpetua para los violadores de niños o pedofilos;FAVOR
Espero exista la pena de muerte en  Tennessee y que este par de desalmados pasen a responderle a Dios lo antes posible.;FAVOR
La pena de muerte se aplica en Venezuela, por hambre y por enfermedades sin medicina. Los presos mueren de hambre en la…;FAVOR
RT si estas ratas hdp se merecen la pena de muerte por matar al chofer de colectivo ;FAVOR
SEÑORA NADIE PIDE PENA DE MUERTE, LEASE EL CODIGO PENAL Y SABRA QUE ES…;AGAINST
RT si estas ratas hdp se merecen la pena de muerte por matar al chofer de colectivo ;FAVOR
PENA DE MUERTE a quienes autorizaron apoyar a ICA y perder dinero del fondo de Pensiones del ISSSTE. ;FAVOR
La cadena perpetua y la pena de muerte no son un debate, excepto que aún no hayas aprobado ética en la ESO o seas un fascista.;AGAINST
El motivo principal de su rechazo a la pena de muerte es:;AGAINST
Que no es racismo que en casos como este hay que aplicar la pena de muerte;AGAINST
Este país se está llenando de peligrosos antisistemas: pena de muerte, supresion de autonomías (regiones o estados);AGAINST
“Cómo uní a la gente y pedí que Guinea aboliera la pena de muerte” #11Abr Lee cómo este hecho demostró la importancia del poder popular. Fue la primera vez que tantas ONG se unían para hacer campaña sobre un tema;AGAINST
Mientras sigamos con la doctrina Zaffaroni y el ejecutivo no tenga huevos para promover pena de muerte y tolerancia 0 seguir…;FAVOR
Un dia te hacen una campaña provida contra el aborto y a la semana siguiente apoyan la pena de muerte. Que difícil es ser una…;AGAINST
#buenmartes Vos opinas RT los dos asesinos del chófer merecen la pena de muerte FV que le den unos años como ahora y salga 2…;FAVOR
Eso sería lo minimo por que para mi merese la pena de muerte inmediata;FAVOR
Gracias al amarillismo hay gente pidiendo la pena de muerte. Claro, lumbreras, pide la pena de muerte en un país en el que t…;AGAINST
Sería desastroso aprobar la pena de muerte, tendrían que fusilar un montón de políticos;AGAINST
RT SI CREES QUE DEBERÍA HABER PENA DE MUERTE POR CASOS COMO EL DE GABRIEL ??;FAVOR
PENA DE MUERTE PARA ESTA HDP;FAVOR
#PuntoDeVista “11 Legisladores han dado luz verde para llevar al Pleno de propuesta de pena de muerte, eso ya es número alto…;FAVOR
vas a implementar la pena de muerte en colombia;FAVOR
yo no estoy AGAINSTtra agravar penas, de pena muerte si, pero tu sabes lo mucho q se lee lo de q es solucion;AGAINST
Una mina mató al hijo de 3 añitos en Jujuy. Está mal pedir pena de muerte para este tipo de gente? Sirve en la sociedad? Si…;FAVOR
#VenezuelaExigeJuicioAMaduroYA El cucuteño usurpador merece la pena de muerte en plaza pública a manos del pueblo y el ojo por ojo al resto de los choros rojos que están plenamente identificados, donde quiera que se escondan,como hicieron los israelíes con los nazis;FAVOR
¿y entonces que esperaba? ¿que dijera que le aplicaría pena de muerte?;AGAINST
Que miedo me da que tanta gente exija la pena de muerte y la cadena perpetua;AGAINST
Para cuando la pena de muerte en argentina? O van a citar este tw diciendo que no es la solución? Que son personas que no…;FAVOR
"A la pena de muerte la llamaremos ""interrupción permanente de la vida"" para que quede menos troglo y seguro que también cuela.";AGAINST
Ya no se puede ser un racista de mierda y pedir la pena de muerte con una antorcha en la mano sin que te llamen facha :(;AGAINST
Ni prisión permanente ni hostias. PENA DE MUERTE !!!;FAVOR
Acabaria con el congreso, la presidencia,  instauraría la pena de muerte y crearía una junta gubernamental de un representante por departamento y claro educación, educación, educación #SiFueraPresidente de Colombia;FAVOR
La pena de muerte no es un “aventurerismo” tiene una explicación científica y se aplica exitosamente en otros países c…;FAVOR
La verdad ya deberiamos aprovar la pena de muerte y estos 4 , anotarlos ,claro despues de unos 750 que irian antes, pa que sirven a este país vivos, para generar mas corrupción, aunque no suene muy cristiano, mejor muertitos, ¿ No?;FAVOR
Piden pena de muerte para el asesino del instituto de Florida. ¿Creéis que la pena de muerte en EEUU ha hecho descender los…;AGAINST
#buenmartesVos opinasRT los dos asesinos del chófer merecen la pena de muerteFV que le den unos años como ahora y salga 2…;FAVOR
Ya no se puede ser un racista de mierda y pedir la pena de muerte con una antorcha en la mano sin que te llamen facha :(;AGAINST
#VenezuelaExigeJuicioAMaduroYA El cucuteño usurpador merece la pena de muerte en plaza pública a manos del pueblo y aplicar…;FAVOR
"Donde ustedes ven un ""chorro hijo de puta que merece la pena de muerte"" yo veo una persona que no tuvo las mismas posibili…";AGAINST
Cuando se debate la pena de muerte para asesinos y violadores (luego de un juicio) te dicen «no se puede, por el pacto de San José de Costa Rica que es de jerarquía constitucional». Bueno, también dice que se es persona desde la concepción, pero se debate matarla igual sin mas.;FAVOR
 Instauró @YoconYunes la pena de muerte en Veracruz? Dio a sus policías -como lo hizo antes Javier Duarte- instruccione…;AGAINST
Va a implementar la pena de muerte en colombia pregunta brayan rodriguez ya es hora para violadores de niños  #ElPaísDeLosJóvenes;FAVOR
Quiero en Argentina la pena de muerte para los asesinos;FAVOR
Sería desastroso aprobar la pena de muerte, tendrían que fusilar un montón de políticos;AGAINST
¿Si se pide la pena de muerte para los asesinos de niños, también se pide para los políticos y militares que han bombardeado numerosos países asesinando a muchos? ¿Para los explotadores que los asesinan de hambre?;AGAINST
Un dia te hacen una campaña provida contra el aborto y a la semana siguiente apoyan la pena de muerte. Que difícil es ser una…;AGAINST
Debería haber pena de muerte para los asesinos de policías;FAVOR
"Molt enduriment de les penes, molt cadena perpetua, molt ""yo a este: pena de muerte""... ""piensa ens las víctimas""Però castigar a TORTURADORS i ASSASSINS franquistes... d'això res.";AGAINST
Camara de diputados: PENA DE MUERTE A LA ASESINA DE GABRIEL?;FAVOR
Festejan la carcel de Lula y piden libertad para Astiz  Piden pena de muerte para un nene que roba un celular y se opon…;AGAINST
Para cuando la pena de muerte en argentina? O van a citar este tw diciendo que no es la solución? Que son personas que no…;FAVOR
Es súper humano desear la cadena perpetua o la pena de muerte para autores de crímenes horribles, pero eso no las convierte…;FAVOR
una cosa es estar AGAINSTtra de la pena de muerte y otra cosa ya es defender asesino que es COLMÓ sjsksjsks;AGAINST
Yo aplicaría pena de muerte o exilio (que ellos escojan) para los que escuchen y transmitan esa chingadera. Ya en serio, el reggeton si es una basura y un bodrio pero de eso a lo que pide este wey, primero eleven la cultura y educación en escuelas.;FAVOR
Parece que estas 2 basuras, son los que asesinaron al pobre colectivero Gran momento para poner la pena de muerte ! ;FAVOR
"mi hermano compartió en facebook ""si vamos a legalizar el aborto también legalicemos la pena de muerte, si vamos a mat…";AGAINST
Ojalá anduvierais pidiendo también pena de muerte y cadena perpetua por cada niño muerto en el Mediterráneo.;AGAINST
La prensa pasó desde ironizar con el hecho de que el Código Penal que establecía la pena de muerte como castigo contaba co…;FAVOR
Uno de las mayores razones que se puede alegar para estar AGAINSTtra de la pena de muerte o de la prisión permanente revisable o cadena perpetua, son los errores judiciales. Por más garantías y medios que tengamos,... ;AGAINST
Un dia te hacen una campaña provida contra el aborto y a la semana siguiente apoyan la pena de muerte. Que difícil es ser una…;AGAINST
Ya no se puede ser un racista de mierda y pedir la pena de muerte con una antorcha en la mano sin que te llamen facha :(;AGAINST
Tendría que haber pena de muerte para todos los chorros hijos de puta que matan sin necesidad y hacen mierda la vida de una…;FAVOR
Para muchos que yo pida pena de muerte para asesinos de niños es cavernario e incivilizado, pero que este pida un tiro en…;FAVOR
¿Si se pide la pena de muerte para los asesinos de niños, también se pide para los políticos y militares que han bombardeado numerosos países asesinando a muchos? ¿Para los explotadores que los asesinan de hambre?;AGAINST
#BuenMartes Quiénes son los jóvenes detenidos por el asesinato del colectivero / Ojala existiera la pena de muerte para…;FAVOR
RT @x_santander: Si se pueden abortar (matar) a criaturas inocentes, me resulta de toda lógica reactivar pena de muerte para violadores, pe…;FAVOR
Hay que hacer todo lo que hagan allá. Como la pena de muerte.;FAVOR
A éste bien poco le ha importado si hay cadena perpetua o pena de muerte;AGAINST
aborto legal seguro y gratuito por si te sale pro vida a FAVORor de la pena de muerte;AGAINST
Por FAVORor pena de muerte para estos casos.;FAVOR
Hasta que pongamos la pena de muerte para estás ratas, esto seguirá empeorando. Lastima que no se matan solo entre ellos, si no que hieren o asesinan a inocentes.;FAVOR
#VenezuelaExigeJuicioAMaduroYA El cucuteño usurpador merece la pena de muerte en plaza pública a manos del pueblo y el ojo por ojo al resto de los choros rojos que están plenamente identificados, donde quiera que se escondan,como hicieron los israelíes con los nazis;FAVOR
¿Si se pide la pena de muerte para los asesinos de niños, también se pide para los políticos y militares que han bombardeado numerosos países asesinando a muchos? ¿Para los explotadores que los asesinan de hambre?;AGAINST
#LaCafeteraContraElOdio Con la pena de muerte EE UU logro parar los crímenes?, NO, siguen las cárceles llenas y h…;AGAINST
La cadena perpetua y la pena de muerte no son un debate, excepto que aún no hayas aprobado ética en la ESO o seas un fascista.;AGAINST
Es genial cuando se está a FAVORor de la pena de muerte ( son chorros hay que matarlos a todos!) Y después sale en la ma…;AGAINST
Para muchos que yo pida pena de muerte para asesinos de niños es cavernario e incivilizado, pero que este pida un tiro en…;FAVOR
Debería haber pena de muerte para los asesinos de policías;FAVOR
Si legalizan el aborto que legalicen la pena de muerte. Si vamos a matar a inocentes que no han podido hacer nada, matemos a…;FAVOR
Ya no se puede ser un racista de mierda y pedir la pena de muerte con una antorcha en la mano sin que te llamen facha :(;AGAINST
la cantidad de inteligencia que demostráis cuando pedís que la pena de muerte sea legalizada es: 0;AGAINST
¿Si se pide la pena de muerte para los asesinos de niños, también se pide para los políticos y militares que han bombardeado numerosos países asesinando a muchos? ¿Para los explotadores que los asesinan de hambre?;AGAINST
Estoy de acuerdo con la pena de muerte para asesinos, violadores, secuestradores y esas personas que nos mencionan a nuestr…;FAVOR
Quiero en Argentina la pena de muerte para los asesinos;FAVOR
Si se pueden abortar (matar) a criaturas inocentes, me resulta de toda lógica reactivar pena de muerte para violadores, pe…;FAVOR
Para cuando la pena de muerte en argentina? O van a citar este tw diciendo que no es la solución? Que son personas que no…;FAVOR
Ecuatorianos la ley de este Wacho y de todos los narco terroristas, es la pena de muerte aplicada de manera inmediata e…;FAVOR
Me encanta la incoherencia de la gente pelotuda que dice aborto legal no pero pena de muerte si ;AGAINST
¿Por qué los LGTB no protestan contra países que tienen pena de muerte contra los homosexuales? #ElRepasadorPy https://t…;AGAINST
El insólito debate sobre la prisión permanente revisable recuerda las anacrónicas discusiones sobre la pena de muerte. ;AGAINST
El día que se active la cadena perpetua y pena de muerte por delitos como corrupción, narcotráfico, asesinatos y violación, desde ese día se logrará controlar esos crímenes, como en muchos otros países, son crímenes para los cuales hay que ser radicales.;FAVOR
Que tan viable sería presentar un proyecto de ley, donde se castigue con pena de muerte los políticos corruptos? #elpaisdelosjovenes;FAVOR
Quiero en Argentina la pena de muerte para los asesinos;FAVOR
#buenmartesVos opinasRT los dos asesinos del chófer merecen la pena de muerteFV que le den unos años como ahora y salga 2…;FAVOR
LA DEMOCRACIA MÁS AVANZADA DEL MUNDO LA DE EEUU CONTEMPLA EN MUCHOS DE SUS ESTADOS LA PENA DE MUERTE PARA LAS ESCORIAS ASESINAS;FAVOR
No está solo. La pena de muerte asegura que el asesino no reincida, pero la muerte le libra de sufrir en vida...;FAVOR
Este ser compara la Prisión Permanente REVISABLE de asesinos, violadores y pederastas. Con la pena de muerte que quiere poner T…;AGAINST
Este país se está llenando de peligrosos antisistemas: pena de muerte, supresion de autonomías (regiones o estados), dig…;AGAINST
España pide pena de muerte por asesinato de Gabriel: Madrid, España. Miles de personas… https://t.co/BES9rvQQQS #Hondunoticias #RT;FAVOR
Si hubiese PENA DE MUERTE, todo esto nos lo ahorrábamos;FAVOR
En países como EEUU con penas extremadamente severas (cadena perpetúa y pena de muerte) tiene tasas de delincuencia muy ele…;AGAINST
Dudo que la amenaza de cárcel de ningún tipo, ni de pena de muerte, vaya a frenar a ningún asesino. Mira en los EEUU … Y como castigo, tampoco creo que procure ninguna satisfacción a los familiares de las víctimas. Quizás al principio lo parezca, porque la rabia y la impotencia se entienden perfectamente, pero eso no les va a devolver a la persona que han perdido.;AGAINST
Ojalá anduvierais pidiendo también pena de muerte y cadena perpetua por cada niño muerto en el Mediterráneo.;AGAINST
Así, con educación se va a todas partes. Golpistas y asco que le damos. Si se pone una toga aprueba la pena de muerte…;AGAINST
Para cuando la pena de muerte en argentina? Y no me vengan diciendo que no es la solución, q son personas que no tuvieron…;FAVOR
Estoy aterrada, escuchando distintos debates en donde se trata si legalizamos la pena de muerte sobre un ser vivo, que respira y que es inocente de todo pecado y cuyo cuerpecito le pertenece a El, ni a la madre , ni al padre. A EL.;AGAINST
Un dia te hacen una campaña provida contra el aborto y a la semana siguiente apoyan la pena de muerte. Que difícil es ser una…;AGAINST
si hay algo más lamentable que el motivo del #ParoDeColectivos es leer gente pidiendo chocobares y pena de muerte. lo…;AGAINST
Ya hay alguien pidiendo la pena de muerte para ese terrible asesino? Ah vale, se ha suicidado. Hay algui…;AGAINST
"Y DESPUES TE DICEN "" NO COMO VAS A PEDIR LA PENA DE MUERTE "" PARA QUE MIERDA LOS ENCERRAMOS CON SUERTE LES PAGAMOS CASA COMIDA Y SUELDO  Y POR ALGUN ARTILUGIO LEGAL TERMINAN EN LA CALLE ESTOS HIJOS DE MIL PUTAS!";FAVOR
Si sos elegis la mano dura, apoyas la pena de muerte etc dejame de seguir bloqueame o lo que sea. Gracias;AGAINST
Porque suenas más sensata que hace un tiempo cuando pedías la pena de muerte. ^_^;AGAINST
¿Si se pide la pena de muerte para los asesinos de niños, también se pide para los políticos y militares que han bombardeado numerosos países asesinando a muchos? ¿Para los explotadores que los asesinan de hambre?;AGAINST
Siempre la pedí y sigo pidiéndola: PENA DE MUERTE PARA ASESINOS MÚLTIPLES, PARA ASESINOS DE INDEFENSOS Y PARA LOS TRAIDORES A ESPAÑA. No al buenismo ni a la falsedad de los rojos;FAVOR
"El ""A por ellos"" o el ""Entregadnosla, pena de muerte, pena de muerte"" no se diferencian mucho del ""Hereje hideputa"" o ""Que arda,…";AGAINST
Esto queda así: ??No al aborto ??Sí a la pena de muerte ??Respeta a los nazis ??A por ellos ??Libertad de expresión ??Raper…;AGAINST
Para muchos que yo pida pena de muerte para asesinos de niños es cavernario e incivilizado, pero que este pida un tiro en…;FAVOR
A los que piden que se legalice la pena de muerte les ponía yo en 1 lista de verdugos de oficio.;AGAINST
ridículos los del faro ladran con rabia por la pena de muerte pero apoyan el aborto porque les pagan desde el extranjero y es un chingo de billetes, cuanto les pagan?;FAVOR
Quiero en Argentina la pena de muerte para los asesinos;FAVOR
#ParoDeColectivos hay que hacer como en algunos estados de EEUU, pena de muerte,  allá no joden,  esos gobiernos no mantienen esas lacras en las cárceles y menos les pagan un sueldo!!!;FAVOR
Diputada RN que quiere reponer la pena de muerte realizó estafa por 50 millones de pesos  #mesacentral…;AGAINST
Estáis muy a FAVORor de la pena de muerte pero la eutanasia es una aberración.;AGAINST
¿Si se pide la pena de muerte para los asesinos de niños, también se pide para los políticos y militares que han bombardeado numerosos países asesinando a muchos? ¿Para los explotadores que los asesinan de hambre?;AGAINST
Ojalá anduvierais pidiendo también pena de muerte y cadena perpetua por cada niño muerto en el Mediterráneo.;AGAINST
Estoy AGAINSTtra del aborto y a FAVORor de la pena de muerte, usted me entiende;AGAINST
Este país se está llenando de peligrosos antisistemas: pena de muerte, supresion de autonomías (regiones o estados), dig…;AGAINST
Amo el no conectar dos neuronas que aplican todos cuando piden pena de muerte como si nada. Se están quejando de que matan a alguien pidiendo la muerte de la persona que mató. ¿Al final quién es el asesino? Son comiquisimos ustedes.;AGAINST
Estoy AGAINSTtra del aborto y a FAVORor de la pena de muerte, usted me entiende ;AGAINST
 #Trump sigue los pasos del presidente de #Filipinas, #Duterte, y postula la pena de muerte para los traficantes de droga;AGAINST
TOTALMENTE DE ACUERDO.....PENA DE MUERTE PARA LOS CORRUPTOS, DELINCUENTES, MAFIOSOS…;FAVOR
El tema de la pena de muerte tiene un problema: quienes juzgan son falibles, y pueden cometer un error. Solo por eso no puedo estar a FAVORor. Es preferible 9 cadenas perpetuas a una vida inocente terminada. No se si me explico.;AGAINST
LA DEMOCRACIA MÁS AVANZADA DEL MUNDO LA DE EEUU CONTEMPLA EN MUCHOS DE SUS ESTADOS LA PENA DE MUERTE PARA LAS ESCORIAS ASESINAS;FAVOR
¿Si se pide la pena de muerte para los asesinos de niños, también se pide para los políticos y militares que han bombardeado numerosos países asesinando a muchos? ¿Para los explotadores que los asesinan de hambre?;AGAINST
Hay que aplicar pena de muerte,y a los pelotudos que defienden la vida de los negros del orto, también hay que matarlos.;FAVOR
Es falso que todos los pro vida apoyan la pena de muerte. Lo curioso de quienes difunden ese mensaje, nos desean la muerte a quienes no estamos de acuerdo con ellos. Hipócritas.;AGAINST
"SI LEGALIZAN EL ABORTO, Q LEGALICEN LA PENA DE MUERTE. SI VAMOS A MATAR INOCENTES Q NO HAN PODIDO HACER NADA; MATEMOS…";FAVOR
Para cuando la pena de muerte en argentina? O van a citar este tw diciendo que no es la solución? Que son personas que no…;FAVOR
¡DE SEGURO MAS DE UN CAPO DEL CARTEL DE LOS SOLES ARRUGÓ LA CARA! Trump pretende aplicar pena de muerte a responsables d…;FAVOR
Si eso es verdad...! Le toca pena de muerte.;FAVOR
piden pena de muerte por esta chica pero cuando te cuentan que hay un femicidio por dia naaaaaa esas son las feminazis loca…;AGAINST
" Los fachas right now: ""¿Y si aprovechamos un suceso trágico y morboso para lanzar soflamas en FAVORor de la pena de muerte o l…";AGAINST
¿Os imagináis que hubiera existido la pena de muerte cuando acusaron a Dolores Vázquez?  No se puede legislar con las v…;AGAINST
Crueldad absoluta , inhumano y aberrante de quienes le están aplicando pena de muerte a nuestros niños con Cancer  #9Abr ¿Qué opinión tiene usted sobre los 17 niños desalojados del JM de los Ríos junto a sus madres? #Coméntenos;AGAINST
¿Si se pide la pena de muerte para los asesinos de niños, también se pide para los políticos y militares que han bombardeado numerosos países asesinando a muchos? ¿Para los explotadores que los asesinan de hambre?;AGAINST
RT si estas ratas hdp se merecen la pena de muerte por matar al chofer de colectivo ;FAVOR
Trump aboga por la pena de muerte para los traficantes de drogas-;FAVOR
¿Si se pide la pena de muerte para los asesinos de niños, también se pide para los políticos y militares que han bombardeado numerosos países asesinando a muchos? ¿Para los explotadores que los asesinan de hambre?;AGAINST
Yo no soy partidario de la cadena perpetua o de la pena de muerte pero si de rebajar la edad penal e igualar penas con los adultos. A parte de multas a los centros y a los padres ya verías como se acabaría el cuento;AGAINST
pena de muerte en españa;FAVOR
Legalizen la pena de muerte para los hijos de puta que arruinan a una familia en un segundo..;FAVOR
Necesitamos la pena de muerte en Venezuela? ;FAVOR
 Y lo difícil que es quitarte de la cabeza la pena de muerte cuando tienes el corazón muerto de pena;FAVOR
La pena de muerte es la solución a todo... así los delincuentes piensan dos veces antes de cometer un delito... digo esto esperando de que por lo menos los delincuentes usen el cerebro. Y por supuesto pena de muerte para los políticos corruptos que roban al pueblo...;FAVOR
A la cárcel todos esos desgraciados, en países orientales estarían camino a la pena de muerte.;FAVOR
Estoy AGAINSTtra del aborto y a FAVORor de la pena de muerte, usted me entiende https://t.co/T6LVh0Af6w;AGAINST
Cuando van a poner la pena de muerte para estos hijos de puta????? La vida del otro no vale nada para ellos. Pero a nosotros nos tiene que importar la suya, que los maten a todos;FAVOR
Proponen castración química y pena de muerte para violadores de niños, comparte si estás de acuerdo. Así sabremos cuanta gente está de acuerdo para que se haga justicia - Guia natural y ecológica;FAVOR
Buenas noches, porqué ningún candidato toca el tema de una pena de muerte para todo aquel procese droga, pues es la peor muerte que le puede llegar a los jóvenes, pues de ahí parte todos los problemas de este país. Pena de muerte gradual.;FAVOR
Malditas lacras que vienen a México a delinquir y a robarnos a nuestras mujeres, merecen la pena de muerte solamente por ser traga arepas.;FAVOR
¿Os imagináis que hubiera existido la pena de muerte cuando acusaron a Dolores Vázquez?  No se puede legislar con las v…;AGAINST
"La pena de muerte ya existió; la tortura también; la presunción de culpabilidad también; los juicios secretos también...…";AGAINST
La verdad que a mi no es que solo me de pena la muerte de Gabriel, tb me da pena la cantidad de racismo injustificado que va a vivir la gente de color por un hecho que ha hecho una persona. Es como si nos insultaran a nosotros solo pq Breton era blanco, ilogico;AGAINST
Ya no se puede ser un racista de mierda y pedir la pena de muerte con una antorcha en la mano sin que te llamen facha :(;AGAINST
¿Si se pide la pena de muerte para los asesinos de niños, también se pide para los políticos y militares que han bombardeado numerosos países asesinando a muchos? ¿Para los explotadores que los asesinan de hambre?;AGAINST
La ejecución de dos tiros al chófer solo reafirma que la pena de muerte está en plena vigencia en Argentina, solo que la…;FAVOR
Mi parte FAVORorita es cuando dijo que se apruebe la pena de muerte pero después dijo que abortar es matar una persona;AGAINST
Diputada RN que quiere reponer la pena de muerte realizó estafa por 50 millones de pesos  #mesacentral…;AGAINST
Sigo sosteniendo que no tienen arregló la gente así , se merecen la pena de muerte.;FAVOR
Se perdió el sentido común. Son los mismos que se están AGAINSTtra de la pena de muerte, a FAVORor de la eutanasia y pon…;FAVOR
Un dia te hacen una campaña provida contra el aborto y a la semana siguiente apoyan la pena de muerte. Que difícil es ser una…;AGAINST
Cuando va a ser el día que la gente marche por la pena de muerte?;FAVOR
Dijo el Dip. Olmedo: Si un ladrón no quiere ser abatido por la espalda, que no salga a delinquir;FAVOR
Estoy AGAINSTtra de la pena de muerte pero MUY a FAVORor de la perpetua efectiva. Encuentren a estos hdp y que paguen de po…;AGAINST
y yo, yo tb estoy AGAINSTtra de la pena de muerte;AGAINST
Ciego desgraciado pena de muerte;FAVOR
"Que podemos hacer con los calcinadores de niñas , APROFUJIMORISTAS ,
PENA DE MUERTE.";FAVOR
¡DE SEGURO MAS DE UN CAPO DEL CARTEL DE LOS SOLES ARRUGÓ LA CARA! Trump pretende aplicar pena de muerte a responsables d…;FAVOR
Por que , son tan imbéciles y nadie pide la pena de muerte para criminales confesos que han cometido hechos malignos, y como pueden discutir quitarle la vida a unas criaturas inocentes. Que barbaros;FAVOR
No hay cama para tanta gente en las cárceles. Hay que aplicar la pena de muerte para abrir espacio por delitos menores. Claro que eso de oportunidades es cierto también, muchos de esos ladrones hacen lo que hacen porque no tienen más qué hacer.;FAVOR
Para ser más incongruentes (como si eso fuera posible) a los de si a la vida solo les faltaría pedir la pena de muerte par…;AGAINST
¿Qué tal que a Santrich le apliquen la pena de muerte prometida por Trump a los narcotraficantes…;FAVOR
 Y ? Y luego ? Ya con eso ganamos ? Se tardan mas en atraparlos que en lo que salen , pena de muerte a los delincuentes!;FAVOR
"Tanto que se oponen a la prisión permanente los ""buenistas"", en España ya hay una pena de muerte legalizada que todos los a…";FAVOR
"SI LEGALIZAN EL ABORTO, Q LEGALICEN LA PENA DE MUERTE. SI VAMOS A MATAR INOCENTES Q NO HAN PODIDO HACER NADA; MATEMOS…";FAVOR
Siempre la pedí y sigo pidiéndola: PENA DE MUERTE PARA ASESINOS MÚLTIPLES, PARA ASESINOS DE INDEFENSOS Y PARA LOS TRAIDORES A ESPAÑA. No al buenismo ni a la falsedad de los rojos;FAVOR
Los viejos muriendo de hambre y enfermedad y esos cabrones haciendo negocios chuecos. Si aplicarles #PENA_DE_MUERTE URGENTE;FAVOR
¿Os imagináis que hubiera existido la pena de muerte cuando acusaron a Dolores Vázquez?  No se puede legislar con las v…;AGAINST
#VenezuelaExigeJuicioAMaduroYA El cucuteño usurpador merece la pena de muerte en plaza pública a manos del pueblo y el ojo por ojo al resto de los choros rojos que están plenamente identificados, donde quiera que se escondan,como hicieron los israelíes con los nazis;FAVOR
la cantidad de inteligencia que demostráis cuando pedís que la pena de muerte sea legalizada es: 0;AGAINST
Todos Somos Gabriel. TODOS LOS PECES LLORARAN PORTU PERDIDA. ALLI DONDE ESTES GABRIEL D.E.P. PENA DE MUERTE Y CADENA PERPETUA;FAVOR
Mientras anoche una multitud gritaba pena de muerte, la madre de Gabriel Cruz declaraba ésto esta mañana. Que extraordinari…;AGAINST
Al parecer no es el primer niño q esa dominicana de mierda asesina,,,, PENA DE MUERTE!!!;FAVOR
Por casos como estos es que la pena de muerte no puede ser... ;AGAINST
O sea, estas a FAVORor de la pena de muerte...;FAVOR
a FAVORor de la pena de muerte compi;FAVOR
Todos los NARCOS deben terminar en el PAREDON. Trump esta pidiendo la PENA DE MUERTE para todos ellos. En Bolivia hasta los COCALEROS deberían ser AHORCADOS.;FAVOR
Necesitamos urgente la pena de muerte ;FAVOR
 Instauró @YoconYunes la pena de muerte en Veracruz? Dio a sus policías -como lo hizo antes Javier Duarte- instruccione…;AGAINST
Cuando van a poner la pena de muerte para estos hijos de puta????? La vida del otro no vale nada para ellos. Pero a no…;FAVOR
Y DE LAS MALAS Y X ESO PENA DE MUERTE SILLA ELÉCTRICA O INYECCIÓN LETAL Y UNA MENOS Q ALIMENTAR CON NUESTROS IMPUESTOS Y PARO €;FAVOR
"La pena de muerte ya existió; la tortura también; la presunción de culpabilidad también; los juicios secretos también...…";AGAINST
Proponen castración química y pena de muerte para violadores de niños, comparte si estás de acuerdo. Así sabremos cuanta gente está de acuerdo para que se haga justicia - Guia natural y ecológica;FAVOR
Ojalá anduvierais pidiendo también pena de muerte y cadena perpetua por cada niño muerto en el Mediterráneo.;AGAINST
"SI LEGALIZAN EL ABORTO, Q LEGALICEN LA PENA DE MUERTE. SI VAMOS A MATAR INOCENTES Q NO HAN PODIDO HACER NADA; MATEMOS…";FAVOR
Estoy AGAINSTtra del aborto y a FAVORor de la pena de muerte, usted me entiende https://t.co/T6LVh0Af6w;AGAINST
La pena de muerte es algo que siempre ha funcionado muy bien. Lo podemos ver claramente en Estados Unidos, donde nunca…;FAVOR
Represión a su más alto nivel a estos terroristas desgraciados #pena de muerte..;FAVOR
@helenaynoa @asv0002 @JMurilloDoll @europapress SEÑORA NADIE PIDE PENA DE MUERTE, LEASE EL CODIGO PENAL Y SABRA QUE… https://t.co/WG1juiqL4O;AGAINST
La pena de muerte no es un “aventurerismo” tiene una explicación científica y se aplica exitosamente en otros países c…;FAVOR
"La pena de muerte ya existió; la tortura también; la presunción de culpabilidad también; los juicios secretos también...…";AGAINST
Este país se está llenando de peligrosos antisistemas: pena de muerte, supresion de autonomías (regiones o estados)…;AGAINST
después salen a decir que este tipo de personas pueden cambiar, pena de muerte para estas lacras y se corta todo ;FAVOR
Legalizen la pena de muerte para los hijos de puta que arruinan a una familia en un segundo..;FAVOR
#VenezuelaExigeJuicioAMaduroYA El cucuteño usurpador merece la pena de muerte en plaza pública a manos del pueblo y el ojo por ojo al resto de los choros rojos que están plenamente identificados, donde quiera que se escondan,como hicieron los israelíes con los nazis;FAVOR
"Otro secuestro del ""Guacho""!Ya dije que si no aplican pena de muerte a esos delincuentes no se acabará el problema!";FAVOR
Proponen castración química y pena de muerte para violadores de niños, comparte si estás de acuerdo. Así sabremos cuanta gente está de acuerdo para que se haga justicia - Guia natural y ecológica;FAVOR
Me parece flipante que los que defiendan la pena de muerte y la cadena perpetua sean los mismos que están AGAINSTtra el aborto, así nos va..;AGAINST
¿Os imagináis que hubiera existido la pena de muerte cuando acusaron a Dolores Vázquez?  No se puede legislar con las v…;AGAINST
Pienso lo mismo. En ese caso yo merecería la pena de muerte por lo que hablo de Keiko con mis patas. https://t.co/VkR7eR8rhv;AGAINST
¿Os imagináis que hubiera existido la pena de muerte cuando acusaron a Dolores Vázquez?  No se puede legislar con las v…;AGAINST
"El ""A por ellos"" o el ""Entregadnosla, pena de muerte, pena de muerte"" no se diferencian mucho del ""Hereje hideputa"" o ""Que arda,…";AGAINST
en EEUU tienen pena de muerte en muchos estados y perpétua en otros y tienen más delitos graves que nosotros.;AGAINST
#LoMasDestacado Este violador y asesino de una niña logra escapar a la pena de muerte. ¿A ti que te parece? https://t.co/fKauLlBA0I;FAVOR
No soy partidario de la pena de muerte pero hay que reconocer su eficacia frente a la reincidencia;AGAINST
Segunda clase de derecho y ya me encontre con 30personas AGAINSTtra del aborto Y DIEZ A FAVOROR de la pena de muerte , en que quilombo me meti;AGAINST
A esos delincuentes hay que aplicarle la pena maxima, la muerte.  Quien es capaz de golpear a la gente de la.tercera edad y abusar de niños, no merece vivir. ;FAVOR
#SantrichTrinidadTeEspera ¿será que somos tan de buenas y le dan pena de muerte a este hijo de puta narcoterrorista?;FAVOR
Mira, los países nórdicos abolieron la pena de muerte recién en 1980 y otros que mencionas la tienen. Hoy nosotros culturalmente ni nos acercamos a ellos en aquella época. Si estás a FAVORor de matar una persona por nacer, estarías a FAVORor de la pena de muerte p/delincuentes ?;AGAINST
RT SI CREES QUE DEBERÍA HABER PENA DE MUERTE POR CASOS COMO EL DE GABRIEL ??;FAVOR
¿Si se pide la pena de muerte para los asesinos de niños, también se pide para los políticos y militares que han bombardeado numerosos países asesinando a muchos? ¿Para los explotadores que los asesinan de hambre?;AGAINST
#VenezuelaExigeJuicioAMaduroYA El cucuteño usurpador merece la pena de muerte en plaza pública a manos del pueblo y el ojo por ojo al resto de los choros rojos que están plenamente identificados, donde quiera que se escondan,como hicieron los israelíes con los nazis;FAVOR
Para estos casos debería existir pena de muerte, debemos pagar por mantener a un animal de estos ...;FAVOR
Es vergonzoso que en España haya una gran cantidad de gente pidiendo la pena de muerte, o en su defecto la prisión perm…;AGAINST
Para cuando la pena de muerte en argentina? O van a citar este tw diciendo que no es la solución? Que son personas que no…;FAVOR
"SI LEGALIZAN EL ABORTO, Q LEGALICEN LA PENA DE MUERTE. SI VAMOS A MATAR INOCENTES Q NO HAN PODIDO HACER NADA; MATEMOS…";FAVOR
¿Si se pide la pena de muerte para los asesinos de niños, también se pide para los políticos y militares que han bombardeado numerosos países asesinando a muchos? ¿Para los explotadores que los asesinan de hambre?;AGAINST
Un sacerdote español, a FAVORor de la pena de muerte para casos como el del pequeño Gabriel;FAVOR
Ahi tiene que aplicar la pena de muerte!;FAVOR
PENA DE MUERTE!!!;FAVOR
¿Por qué los LGTB no protestan contra países que tienen pena de muerte contra los homosexuales? #ElRepasadorPy https://t…;AGAINST
Yo pido la pena de muerte por lapidación en este caso… Que se la entreguén al pueblo y que el pueblo decida...Cómo hacen los árabes con los violadores de niños...;FAVOR
El insólito debate sobre la prisión permanente revisable recuerda las anacrónicas discusiones sobre la pena de muerte. ;AGAINST
#SantrichTrinidadTeEspera ¿será que somos tan de buenas y le dan pena de muerte a este hijo de puta narcoterrorista?;FAVOR
¿Por qué los LGTB no protestan contra países que tienen pena de muerte contra los homosexuales? #ElRepasadorPy https://t…;AGAINST
Para estas cosas lo mejor sería que se apruebe la pena de muerte y así de a poquito se van exterminando a estas bazofias…;FAVOR
Una pala a cada uno hasta q se hagan viejos y se mueran. Nada de pena de muerte, que garpen de por vida y ha…;AGAINST
La pena de muerte se aplica en caso de delitos mayores. Asesinos, violadores, etc. No a delitos menores, como los raperos que se cagan, de forma camuflada, en los muertos de esta sociedad de mierda.;FAVOR
"SI LEGALIZAN EL ABORTO, Q LEGALICEN LA PENA DE MUERTE. SI VAMOS A MATAR INOCENTES Q NO HAN PODIDO HACER NADA; MATEMOS…";FAVOR
Ministerio de Justicia: PENA DE MUERTE A LOS ASESINOS - ¡Firma la petición! ;FAVOR
Los mismos que ignoran que la pena de muerte en Estados Unidos no ha impedido los asesinatos. Es sed de sangre, disfrazada de…;AGAINST
Si sos elegis la mano dura, apoyas la pena de muerte etc dejame de seguir bloqueame o lo que sea. Gracias;AGAINST
Que la PENA DE MUERTE y la CADENA PERPETUA funcionan lo podéis comprobar viendo las noticias de EEUU. Allí no hay asesina…;FAVOR
Este país se está llenando de peligrosos antisistemas: pena de muerte, supresion de autonomías (regiones o estados), dig…;AGAINST
#VenezuelaExigeJuicioAMaduroYA El cucuteño usurpador merece la pena de muerte en plaza pública a manos del pueblo y el ojo por ojo al resto de los choros rojos que están plenamente identificados, donde quiera que se escondan,como hicieron los israelíes con los nazis;FAVOR
Diputada RN que quiere reponer la pena de muerte realizó estafa por 50 millones de pesosr #mesacentral…;AGAINST
"Tanto que se oponen a la prisión permanente los ""buenistas"", en España ya hay una pena de muerte legalizada que todos los a…";FAVOR
Mira en EEUU lo bien protegidos que están los niños con su cadena perpetua y pena de muerte...;AGAINST
Que Dios me perdone, pero voto por la pena de muerte. Esta gente respira, come, consume recursos, ocupa espacio, todo par…;FAVOR
de la pena de muerte ejecutada por estado eh, le pasa a mi hijo y la ejecuto yo??;FAVOR
Ya no se puede ser un racista de mierda y pedir la pena de muerte con una antorcha en la mano sin que te llamen facha :(;AGAINST
Para organizar este mierdero en Colombia PENA DE MUERTE A ASESINOS, SECUESTRADORES, NARCOS, CORRUPTOS Y LADRONES . en ese orden de ideas nos quedamos sin @SenadoGovCo @CamaraColombia jejejejeje;FAVOR
La ejecución de dos tiros al chófer solo reafirma que la pena de muerte está en plena vigencia en Argentina, solo que la…;FAVOR
Es una verdadera pena de muerte a un INOCENTE. ;AGAINST
Con la pena de muerte evitaremos la violencia en la sociedad y los presos de hoy en día son todos padres agustinos;FAVOR
PENA DE MUERTE LENTA Y QUE SUFRA;FAVOR
Estoy AGAINSTtra del aborto y a FAVORor de la pena de muerte, usted me entiende https://t.co/T6LVh0Af6w;AGAINST
Maldito enfermo PENA DE MUERTE YAAAAAAAAAA;FAVOR
"Es más o menos la misma mentalidad de los que promueven la pena de muerte. Dónde no importa tanto el resultado total de una acción (y las consecuencias sociales) sino que se ""castigue"" a quien se piensa responsable";AGAINST
QUE LASTIMA QUE NO HAY PENA DE MUERTE PARA PERSONAS QUE PIENSAN COMO UNA ANIMAL COMO TU...BESTIA! OJALA Y NUNCA TENGAS HIJOS NO FAMILIA QUE LEA LO QUE ESCRIBISTE, ERES UNA VERGUENZA DE LA RAZA HUMANA!;FAVOR
Ya no se puede ser un racista de mierda y pedir la pena de muerte con una antorcha en la mano sin que te llamen facha :(;AGAINST
Pues nada, ahora apoyar la pena de muerte, 2 millones de catalanes fusilados y el paro disminuye.;AGAINST
Parece que estas 2 basuras, son los que asesinaron al pobre colectivero Gran momento para poner la pena de muerte ! htt…;FAVOR
"SI LEGALIZAN EL ABORTO, Q LEGALICEN LA PENA DE MUERTE. SI VAMOS A MATAR INOCENTES Q NO HAN PODIDO HACER NADA; MATEMOS…";FAVOR
Legalizen la pena de muerte para los hijos de puta que arruinan a una familia en un segundo..;FAVOR
¿Si se pide la pena de muerte para los asesinos de niños, también se pide para los políticos y militares que han bombardeado numerosos países asesinando a muchos? ¿Para los explotadores que los asesinan de hambre?;AGAINST
#buenmartes Vos opinas RT los dos asesinos del chófer merecen la pena de muerte FV que le den unos años como ahora y salga 2…;FAVOR
PESCAITO , D.E.P. PENA DE MUERTE , YA...;FAVOR
La cadena perpetua y la pena de muerte no son un debate, excepto que aún no hayas aprobado ética en la ESO o seas un fascista.;AGAINST
No me voy a cansar de decir que tiene que existir la pena de muerte en Argentina, me chupa un huevo que piensen lo contrar…;FAVOR
si hay algo más lamentable que el motivo del #ParoDeColectivos es leer gente pidiendo chocobares y pena de muerte. lo…;AGAINST
En vez de luchar por abortar bebés, luchen y hagan esas marchas para que se apruebe la pena de muerte para asesinos y vi…;FAVOR
Gracias al amarillismo hay gente pidiendo la pena de muerte. Claro, lumbreras, pide la pena de muerte en un país en el que t…;AGAINST
Represión a su más alto nivel a estos terroristas desgraciados #pena de muerte..;FAVOR
Pienso lo mismo. En ese caso yo merecería la pena de muerte por lo que hablo de Keiko con mis patas. https://t.co/VkR7eR8rhv;AGAINST
Piden pena de muerte para el asesino del instituto de Florida. ¿Creéis que la pena de muerte en EEUU ha hecho descender los índices de criminalidad alguna vez? Porque lo cierto es que no. Y yo sé que es difícil ver a través de la ira con ciertos casos pero los datos hablan;AGAINST
Proponen castración química y pena de muerte para violadores de niños, comparte si estás de acuerdo, de esta manera sabremos cuanta gente está de acuerdo en que se haga justicia - Guia natural y ecológica;FAVOR
Estoy AGAINSTtra de la pena de muerte pero MUY a FAVORor de la perpetua efectiva. Encuentren a estos hdp y que paguen de po…;AGAINST
Si se pueden abortar (matar) a criaturas inocentes, me resulta de toda lógica reactivar pena de muerte para violadores, pe…;FAVOR
"Después de todo el odio, las peticiones de pena de muerte, la jauría de ""Entregadnosla"" tiene que llegar la persona que más esta…";AGAINST
"SI LEGALIZAN EL ABORTO, Q LEGALICEN LA PENA DE MUERTE. SI VAMOS A MATAR INOCENTES Q NO HAN PODIDO HACER NADA; MATEMOS…";FAVOR
Lo q se le debe aplicar a este personaje es la pena de muerte;FAVOR
por eso al pedir que se implemente la pena de muerte te convertís en lo mismo q ellos;AGAINST
Si sos elegis la mano dura, apoyas la pena de muerte etc dejame de seguir bloqueame o lo que sea. Gracias;AGAINST
Gente expulsando odio extremo pidiendo cadena perpetua y pena de muerte. Y todo a pesar del mensaje de la madre de Gabriel. Os voy a dar dos datos para que explique mejor ese odio: Mujer y negra;AGAINST
Piden pena de muerte para el asesino del instituto de Florida. ¿Creéis que la pena de muerte en EEUU ha hecho descender los…;AGAINST
Para muchos que yo pida pena de muerte para asesinos de niños es cavernario e incivilizado, pero que este pida un tiro en…;FAVOR
Quiero en Argentina la pena de muerte para los asesinos;FAVOR
¿Y la pena de muerte para cuando?;FAVOR
La cadena perpetua y la pena de muerte no son un debate, excepto que aún no hayas aprobado ética en la ESO o seas un fascista.;AGAINST
¿A los asesinados como se les revisa la condena de pena de muerte sentenciada y ejecutada por sus asesinos?. ¿Ustedes señorías y señoríos?;FAVOR
¡DE SEGURO MAS DE UN CAPO DEL CARTEL DE LOS SOLES ARRUGÓ LA CARA! Trump pretende aplicar pena de muerte a responsables d…;FAVOR
Precisamente porque la pena de muerte y la cadena perpetua me parece una aberración, es por lo que estoy de acuerdo con la…;AGAINST
"SI LEGALIZAN EL ABORTO, Q LEGALICEN LA PENA DE MUERTE. SI VAMOS A MATAR INOCENTES Q NO HAN PODIDO HACER NADA; MATEMOS…";FAVOR
"No a la prisión permanente revisable..
SI A LA PENA DE MUERTE!!";FAVOR
Si se pueden abortar (matar) a criaturas inocentes, me resulta de toda lógica reactivar pena de muerte para violadores, pe…;FAVOR
"El ""A por ellos"" o el ""Entregadnosla, pena de muerte, pena de muerte"" no se diferencian mucho del ""Hereje hideputa"" o ""Que arda,…";AGAINST
Por que con el mismo enfasis, no se trata la pena de muerte sobre violadores y asesinos que destruyen a tantas familias? Los mismos que defienden los ddhh de los asesinos, piden por el aborto de inocentes. Hipocritas;FAVOR
"SI LEGALIZAN EL ABORTO, Q LEGALICEN LA PENA DE MUERTE. SI VAMOS A MATAR INOCENTES Q NO HAN PODIDO HACER NADA; MATEMOS…";FAVOR
#buenmartesVos opinasRT los dos asesinos del chófer merecen la pena de muerteFV que le den unos años como ahora y salga 2…;FAVOR
#SiFueraPresidente pondria pena de muerte a violadores y subiría todas las penas para los ladrones;FAVOR
En colombia la pena de muerte si existe, se aplicada a líderes sociales, reclamantes de tierra y a todo aquel que sea testigo y vaya AGAINSTtra de Èl, sistema corrupto.;AGAINST
La prisión permanente es un gasto innecesario. PENA DE MUERTE.;FAVOR
¿Os imagináis que hubiera existido la pena de muerte cuando acusaron a Dolores Vázquez?  No se puede legislar con las v…;AGAINST
Quiero en Argentina la pena de muerte para los asesinos;FAVOR
"En este país quieren pena de muerte, pero no eutanasia ni aborto porque ""Solo Dios da y quita la vida"".";AGAINST
¿Qué tal que a Santrich le apliquen la pena de muerte prometida por Trump a los narcotraficantes…;FAVOR
Ya no se puede ser un racista de mierda y pedir la pena de muerte con una antorcha en la mano sin que te llamen facha :(;AGAINST
Toda plata tirada a la basura. Ni con la pena de muerte esa mierda paga el daño;FAVOR
si hay algo más lamentable que el motivo del #ParoDeColectivos es leer gente pidiendo chocobares y pena de muerte. lo…;AGAINST
Para ser más incongruentes (como si eso fuera posible) a los de si a la vida solo les faltaría pedir la pena de muerte par…;AGAINST
"Otro secuestro del ""Guacho""!Ya dije que si no aplican pena de muerte a esos delincuentes no se acabará el problema!";FAVOR
RT SI CREES QUE DEBERÍA HABER PENA DE MUERTE POR CASOS COMO EL DE GABRIEL ??;FAVOR
 Estoy AGAINSTtra de la pena de muerte, de los linchamientos, del negocio de la víscera y de la casquería, del no respeto al d…;AGAINST
"Molt enduriment de les penes, molt cadena perpetua, molt ""yo a este: pena de muerte""... ""piensa ens las víctimas""Però castigar a TORTURADORS i ASSASSINS franquistes... d'això res.";AGAINST
Cuanto falta para que venga un poder judicial con huevos y habilite la pena de muerte?;FAVOR
¿Qué tal que a Santrich le apliquen la pena de muerte prometida por Trump a los narcotraficantes…;FAVOR
¿Si se pide la pena de muerte para los asesinos de niños, también se pide para los políticos y militares que han bombardeado numerosos países asesinando a muchos? ¿Para los explotadores que los asesinan de hambre?;AGAINST
¿Os imagináis que hubiera existido la pena de muerte cuando acusaron a Dolores Vázquez?  No se puede legislar con las v…;AGAINST
Este país se está llenando de peligrosos antisistemas: pena de muerte, supresion de autonomías (regiones o estados), dig…;AGAINST
RT SI CREES QUE DEBERÍA HABER PENA DE MUERTE POR CASOS COMO EL DE GABRIEL ??;FAVOR
Si algun dia se instaura la pena de muerte en españa este tiene q ser si o si el q estrene la camilla.;FAVOR
Nos llaman nazis, asesinas, dicen que aplicamos la pena de muerte, fundamentan bajo una moral religiosa y argumentan con…;FAVOR
Gracias al amarillismo hay gente pidiendo la pena de muerte. Claro, lumbreras, pide la pena de muerte en un país en el que t…;AGAINST
Trump se declara a FAVORor de la pena de muerte para los narcotraficantes y culpa a ciudad refugio por propagación deL fentanilo;FAVOR
"Prisión permanente revisable?
PENA DE MUERTE Y INCINERACIÓN!!";FAVOR
Estáis muy a FAVORor de la pena de muerte pero la eutanasia es una aberración.;AGAINST
RT SI CREES QUE DEBERÍA HABER PENA DE MUERTE POR CASOS COMO EL DE GABRIEL ??;FAVOR
RT SI CREES QUE DEBERÍA HABER PENA DE MUERTE POR CASOS COMO EL DE GABRIEL ??;FAVOR
@noticiAmerica Cuando lo encuentren y vaya a q cárcel q lo violen y luego lo maten ya q no hay pena de muerte.;FAVOR
Gracias al amarillismo hay gente pidiendo la pena de muerte. Claro, lumbreras, pide la pena de muerte en un país en el que t…;AGAINST
En EEUU con cadena perpetúa y pena de muerte, en varios estados, solo desde el…;FAVOR
¿Por qué los LGTB no protestan contra países que tienen pena de muerte contra los homosexuales? #ElRepasadorPy https://t…;AGAINST
En USA hay pena de muerte, y casi todos los días hay asesinatos y masacres;AGAINST
"Una consulta! Podría formar parte militante del feminismo teniendo como bandera ""PENA DE MUERTE A VIOLADORES Y...  ABUSADORES"" y estar AGAINSTtra del aborto? Puedo disentir con algunas cosas pero ser feminista? Osea, me considero feminista mucho más que otras que si militan en una organización, por ejemplo y los que en verdad me conocen desde tiempos memorables, desde la escuela por ahi, creo que podrán dar fe de esto. A ver si me sacan de las dudas por FAVORor! Gracias";FAVOR
 Va a implementar la pena de muerte en colombia pregunta brayan rodriguez ya es hora para violadores de niños  #ElPaísD…;FAVOR
Y dicen que la pena de muerte esta mal, pero si los re cagaria a tiros ;FAVOR
"La pena de muerte ya existió; la tortura también; la presunción de culpabilidad también; los juicios secretos también...…";AGAINST
RT SI CREES QUE DEBERÍA HABER PENA DE MUERTE POR CASOS COMO EL DE GABRIEL ??;FAVOR
En este mundo quieren pena de muerte, pero no eutanasia ni aborto por que “Solo dios da y quita la vida”;AGAINST
Mucho aborto legal, pero la pena de muerte para violadores para cuando?;FAVOR
Por eso en EEUU con la pena de muerte instaurada no hay delitos. Son populistas de la peor condición. https://t.co/KPJl…;AGAINST
"SI LEGALIZAN EL ABORTO, Q LEGALICEN LA PENA DE MUERTE. SI VAMOS A MATAR INOCENTES Q NO HAN PODIDO HACER NADA; MATEMOS…";FAVOR
RT SI CREES QUE DEBERÍA HABER PENA DE MUERTE POR CASOS COMO EL DE GABRIEL ??;FAVOR
¿Qué tal que a Santrich le apliquen la pena de muerte prometida por Trump a los narcotraficantes…;FAVOR
terruca tu a la carcel tambien y si hay pena d muerte mucho mejor, no nos olvidamos de ti lacra;FAVOR
"El ""A por ellos"" o el ""Entregadnosla, pena de muerte, pena de muerte"" no se diferencian mucho del ""Hereje hideputa"" o ""Que arda,…";AGAINST
"Molt enduriment de les penes, molt cadena perpetua, molt ""yo a este: pena de muerte""... ""piensa ens las víctimas""Però castigar a TORTURADORS i ASSASSINS franquistes... d'això res.";AGAINST
ESPAÑOLES: PENA DE MUERTE PARA ASESINOS Y PEDERASTAS - ¡Firma la petición! ;FAVOR
¡DE SEGURO MAS DE UN CAPO DEL CARTEL DE LOS SOLES ARRUGÓ LA CARA! Trump pretende aplicar pena de muerte a responsables d…;FAVOR
¿Si se pide la pena de muerte para los asesinos de niños, también se pide para los políticos y militares que han bombardeado numerosos países asesinando a muchos? ¿Para los explotadores que los asesinan de hambre?;AGAINST
Amo el no conectar dos neuronas que aplican todos cuando piden pena de muerte como si nada. Se están quejando de que matan a a…;AGAINST
¡DE SEGURO MAS DE UN CAPO DEL CARTEL DE LOS SOLES ARRUGÓ LA CARA! Trump pretende aplicar pena de muerte a responsables d…;FAVOR
Gracias al amarillismo hay gente pidiendo la pena de muerte. Claro, lumbreras, pide la pena de muerte en un país en el que t…;AGAINST
En lugar de tratar la legalización del aborto ya es hora que se trate la pena de muerte para esta clase de basuras de mierda. Tremendos hdp !!!. QEPD pobre tipo.;FAVOR
QUE HDP!!!!! Para estos casos, PENA DE MUERTE. Una vida por otra.;FAVOR
Este país se está llenando de peligrosos antisistemas: pena de muerte, supresion de autonomías (regiones o estados), dig…;AGAINST
Un sacerdote español, a FAVORor de la pena de muerte para casos como el del pequeño Gabriel;FAVOR
Gracias al amarillismo hay gente pidiendo la pena de muerte. Claro, lumbreras, pide la pena de muerte en un país en el que t…;AGAINST
Cuando legalicen el aborto también espero que lo hagan con la cadena perpetua y la pena de muerte :V;FAVOR
"Antes de estudiar Derecho era una más de los que piden la ""pena de muerte"" de Ana Julia, Miguel Carcaño, etc. Imaginad c…";FAVOR
#VenezuelaExigeJuicioAMaduroYA El cucuteño usurpador merece la pena de muerte en plaza pública a manos del pueblo y el ojo por ojo al resto de los choros rojos que están plenamente identificados, donde quiera que se escondan,como hicieron los israelíes con los nazis;FAVOR
Para cuando la pena de muerte en argentina? O van a citar este tw diciendo que no es la solución? Que son personas que no…;FAVOR
Espero no sea obra de un show para llamar la a atención. Pdt: pena de muerte seria una pena ideal;FAVOR
Va a implementar la pena de muerte en colombia pregunta brayan rodriguez ya es hora para violadores de niños  #ElPaísD…;FAVOR
"SI LEGALIZAN EL ABORTO, Q LEGALICEN LA PENA DE MUERTE. SI VAMOS A MATAR INOCENTES Q NO HAN PODIDO HACER NADA; MATEMOS…";FAVOR
Debería de ser pena de muerte;FAVOR
Esa multitud gritando “pena de muerte” mientras da botes y saluda a cámara descojonándose me ha helado la sangre. No se,…;AGAINST
En serio estas planteando la pena de muerte?;AGAINST
"Molt enduriment de les penes, molt cadena perpetua, molt ""yo a este: pena de muerte""... ""piensa ens las víctimas""Però castigar a TORTURADORS i ASSASSINS franquistes... d'això res.";AGAINST
¿Si se pide la pena de muerte para los asesinos de niños, también se pide para los políticos y militares que han bombardeado numerosos países asesinando a muchos? ¿Para los explotadores que los asesinan de hambre?;AGAINST
A la gente que justifica la pena de muerte con un “y si fuera tu hijo?”, recordarles que en EEUU la tasa de sentencias er…;AGAINST
Por eso en paises comunistas la pena de muerte no existe. Y en paises democraticos como USA tampoco.;AGAINST
"""La pena de muerte marca el límite de lo que una sociedad está dispuesta a tolerar. Luego si no hay pena de muerte es que…";FAVOR
Gracias al amarillismo hay gente pidiendo la pena de muerte. Claro, lumbreras, pide la pena de muerte en un país en el que t…;AGAINST
"""La pena de muerte marca el límite de lo que una sociedad está dispuesta a tolerar. Luego si no hay pena de muerte es que…";FAVOR
Cuando en Derecho Constitucional escucho estudiantes justificar la pena de muerte los imagino así ;AGAINST
La única solución a los chorros,asesinos y violadores de mierda es la pena de muerte.;FAVOR
Para cuando la pena de muerte en argentina? O van a citar este tw diciendo que no es la solución? Que son personas que no…;FAVOR
LOS QUE PIDEN CADENA PERPETUA O PENA DE MUERTE SON IGUAL O MAS ASESINOS QUE LA PROPIA ASESINA, PEDIMOS PENA DE MUERTE PARA COSPEDAL QUE HIZO ESTO Y MUCHOS MÁS;AGAINST
LA PRISIÓN PERMANENTE REVISABLE ME LA TRAE AL PAIRO, HAY QUE ALIMENTARLOS Y CEBARLOS , LA PENA DE MUERTE , TE LIBRA DE ESE…;FAVOR
RT SI CREES QUE DEBERÍA HABER PENA DE MUERTE POR CASOS COMO EL DE GABRIEL ??;FAVOR
RT SI CREES QUE DEBERÍA HABER PENA DE MUERTE POR CASOS COMO EL DE GABRIEL ??;FAVOR
La única solución es pena de muerte a los corruptos! Asi como han asesinado a miles de Mexican@s por este flagelo. Con esta medida desde los  regidores hasta el Presidente de la Republica dejarán de causar mas daño y empobrecer a las familias Mexicanas. Y darse vida de Reyes!;FAVOR
¿Os imagináis que hubiera existido la pena de muerte cuando acusaron a Dolores Vázquez?  No se puede legislar con las v…;AGAINST
Mientras sigamos con la doctrina Zaffaroni y el ejecutivo no tenga huevos para promover pena de muerte y tolerancia 0 seguir…;FAVOR
Los del verde no son los que pedían pena de muerte a plagiarios? ;AGAINST
Yo veo más problema que la cadena perpetua revisable o no, o incluso que la pena de muerte, el talante de muchos de los que la exigen. La piden para aplicarla ellos, siendo ellos jueces y jurados.;AGAINST
Argentina haría buen filtro si aplicara la pena de muerte, el que mata debe morir. Lo pensé siempre. ;FAVOR
La pena de muerte no funciona en ningún lugar del mundo. Y acá los jueces son más de darle salidas transitorias a un violador de nenitas de 8 años.;AGAINST
Por que no hacemos legal la pena de muerte para violadores asesinos golpeadores, ya que quieren hacer legal matar a a un ser inocente, matemos a los q se lo merecen también;AGAINST
MIRADME QUÉ BUENA PERSONA SOY QUE PIDO PENA DE MUERTE PARA LA GENTE MALA ;AGAINST
Ya no se puede ser un racista de mierda y pedir la pena de muerte con una antorcha en la mano sin que te llamen facha :(;AGAINST
#buenmartesVos opinasRT los dos asesinos del chófer merecen la pena de muerteFV que le den unos años como ahora y salga 2…;FAVOR
¿Por qué los LGTB no protestan contra países que tienen pena de muerte contra los homosexuales? #ElRepasadorPy https://t…;AGAINST
MIRADME QUÉ BUENA PERSONA SOY QUE PIDO PENA DE MUERTE PARA LA GENTE MALA ;AGAINST
Así, con educación se va a todas partes. Golpistas y asco que le damos. Si se pone una toga aprueba la pena de muerte…;AGAINST
Este país se está llenando de peligrosos antisistemas: pena de muerte, supresion de autonomías (regiones o estados), dig…;AGAINST
Uy, una mujer negra asesina un niño y exigís pena de muerte a los cuatro ventos. Hombres asesinan a sus parejas e hijos ca…;AGAINST
no le den carcel  delen pena de muerte , que seria colombia  sin la DEA;FAVOR
Este país se está llenando de peligrosos antisistemas: pena de muerte, supresion de autonomías (regiones o estados), dig…;AGAINST
Este país se está llenando de peligrosos antisistemas: pena de muerte, supresion de autonomías (regiones o estados), dig…;AGAINST
Para ser más incongruentes (como si eso fuera posible) a los de si a la vida solo les faltaría pedir la pena de muerte par…;AGAINST
“Cómo uní a la gente y pedí que Guinea aboliera la pena de muerte” #11Abr Lee cómo este hecho demostró la importancia del poder popular. Fue la primera vez que tantas ONG se unían para hacer campaña sobre un tema;AGAINST
"SI LEGALIZAN EL ABORTO, Q LEGALICEN LA PENA DE MUERTE. SI VAMOS A MATAR INOCENTES Q NO HAN PODIDO HACER NADA; MATEMOS…";FAVOR
Para mi, tienen que legalizar la pena de muerte para todos los pedófilos, violadores y las basuras que lastiman a l;FAVOR
Este país se está llenando de peligrosos antisistemas: pena de muerte, supresion de autonomías (regiones o estados), dig…;AGAINST
En EEUU, hay pena de muerte y los asesinatos no han descendido un ápice.;AGAINST
Ya no se puede ser un racista de mierda y pedir la pena de muerte con una antorcha en la mano sin que te llamen facha :(;AGAINST
¿Por qué los LGTB no protestan contra países que tienen pena de muerte contra los homosexuales? #ElRepasadorPy https://t…;AGAINST
Yo pido por proyecto de ley la pena de muerte. Los que se condenan a la pena de muerte son los que delinquen y se exponen…;FAVOR
Cuanta razón tienes paisano … PENA DE MUERTE YA y problema solucionado , ahora que a la cárcel y en unos años a la calle y encima sin estar rehabilitada y a volver a cometer otra atrocidad. Repito , a quien corresponda :PENA DE MUERTE , YA...;FAVOR
La cadena perpetua y la pena de muerte no son un debate, excepto que aún no hayas aprobado ética en la ESO o seas un fascista.;AGAINST
Que vuelva la pena de muerte ;FAVOR
Un dia te hacen una campaña provida contra el aborto y a la semana siguiente apoyan la pena de muerte. Que difícil es ser una…;AGAINST
#LaCafeteraContraElOdio Con la pena de muerte EE UU logro parar los crímenes?, NO, siguen las cárceles llenas y h…;AGAINST
"mi hermano compartió en facebook ""si vamos a legalizar el aborto también legalicemos la pena de muerte, si vamos a mat…";AGAINST
RT SI CREES QUE DEBERÍA HABER PENA DE MUERTE POR CASOS COMO EL DE GABRIEL ??;FAVOR
Mientras sigamos con la doctrina Zaffaroni y el ejecutivo no tenga huevos para promover pena de muerte y tolerancia 0 seguir…;FAVOR
 Instauró @YoconYunes la pena de muerte en Veracruz? Dio a sus policías -como lo hizo antes Javier Duarte- instruccione…;AGAINST
"""La pena de muerte marca el límite de lo que una sociedad está dispuesta a tolerar. Luego si no hay pena de muerte es que…";FAVOR
Todavía no he leído un argumento válido AGAINSTtra de la PPR ni de la cadena perpetua. Sí contra la pena de muerte.;AGAINST
Prisión permanente revisable? PENA DE MUERTE Y INCINERACIÓN!!;FAVOR
Necesito alguien que me convenza de que determinados seres no merecen la pena de muerte.;FAVOR
¿Si se pide la pena de muerte para los asesinos de niños, también se pide para los políticos y militares que han bombardeado numerosos países asesinando a muchos? ¿Para los explotadores que los asesinan de hambre?;AGAINST
Ah perdón no entendí, es asi quieren pena de muerte por q no  Soportan ver gente pobre, los odian, en vez de darles herramientas para q cambien su vida, buscan la mas facil que np hace bien ni a unp ni a otro;AGAINST
Gracias al amarillismo hay gente pidiendo la pena de muerte. Claro, lumbreras, pide la pena de muerte en un país en el que t…;AGAINST
¡DE SEGURO MAS DE UN CAPO DEL CARTEL DE LOS SOLES ARRUGÓ LA CARA! Trump pretende aplicar pena de muerte a responsables d…;FAVOR
Ojalá anduvierais pidiendo también pena de muerte y cadena perpetua por cada niño muerto en el Mediterráneo.;AGAINST
#VenezuelaExigeJuicioAMaduroYA El cucuteño usurpador merece la pena de muerte en plaza pública a manos del pueblo y el ojo por ojo al resto de los choros rojos que están plenamente identificados, donde quiera que se escondan,como hicieron los israelíes con los nazis;FAVOR
Estoy a FAVORor de la pena de muerte y no me vengan a decir que es demasiado, que hay otras formas de solucionar las cosas,…;FAVOR
La pena de muerte deberia ser la condena para todos estos criminales que no solo asesinan a personas, tambien asesinan la paz y la esperanza de mi bella Colombia!;FAVOR
Ya no se puede ser un racista de mierda y pedir la pena de muerte con una antorcha en la mano sin que te llamen facha :(;AGAINST
#NoCuentaComoSentimiento Decir que ahora estás apoyando a los niños del SENAME, cuando exigiste pena de muerte a varios en el pasado.;AGAINST
Quien se creen que son para decidir sobre la vida de la otra persona? Que negros del orto, se merecen la pena de muerte y me…;FAVOR
Vale, venga. Pues cadena perpetua a todo el mundo. Y pena de muerte. Y a lapidar. Y que el quién lo decida el Estado...;AGAINST
Tendria que existir la pena de muerte en este pais, no puede ser que un tipo laburador termine de esta manera por dos n…;FAVOR
¿Si se pide la pena de muerte para los asesinos de niños, también se pide para los políticos y militares que han bombardeado numerosos países asesinando a muchos? ¿Para los explotadores que los asesinan de hambre?;AGAINST
Para cuando van a legalizar la pena de muerte? Podría ser ya.. ?;FAVOR
#buenmartesVos opinasRT los dos asesinos del chófer merecen la pena de muerteFV que le den unos años como ahora y salga 2…;FAVOR
Ya no se puede ser un racista de mierda y pedir la pena de muerte con una antorcha en la mano sin que te llamen facha :(;AGAINST
#VenezuelaExigeJuicioAMaduroYA El cucuteño usurpador merece la pena de muerte en plaza pública a manos del pueblo y el ojo por ojo al resto de los choros rojos que están plenamente identificados, donde quiera que se escondan,como hicieron los israelíes con los nazis;FAVOR
Si ven que vaca ladrona no olvida el portillo pena de muerte para ese perro hijo de puta por descarado;FAVOR
Espera a que se atrevan a proponer la pena de muerte por el garrote vil.;AGAINST
Pedimos pena de muerte para estas escorias ;FAVOR
¡DE SEGURO MAS DE UN CAPO DEL CARTEL DE LOS SOLES ARRUGÓ LA CARA! Trump pretende aplicar pena de muerte a responsables d…;FAVOR
Los que están AGAINSTtra del aborto son los mismos que piden pena de muerte para los delincuentes, que esperan que haga un pibito no querido en lo que seguro va a ser una familia (si es que llega a tener una) disfuncional donde no va a tener acceso a educación, recreación, salud ?;AGAINST
Trump aboga por la pena de muerte para los traficantes de drogas-;FAVOR
Estoy AGAINSTtra de la pena de muerte pero MUY a FAVORor de la perpetua efectiva. Encuentren a estos hdp y que paguen de po…;AGAINST
#VenezuelaExigeJuicioAMaduroYA El cucuteño usurpador merece la pena de muerte en plaza pública a manos del pueblo y el ojo por ojo al resto de los choros rojos que están plenamente identificados, donde quiera que se escondan,como hicieron los israelíes con los nazis;FAVOR
¿Por qué los LGTB no protestan contra países que tienen pena de muerte contra los homosexuales? #ElRepasadorPy https://t…;AGAINST
Y dicen que la pena de muerte esta mal, pero si los re cagaria a tiros ;FAVOR
Si legalizan el aborto que legalicen la pena de muerte. Si vamos a matar inocentes que no han podido hacer nada, matem…;FAVOR
No me voy a cansar de decir que tiene que existir la pena de muerte en Argentina, me chupa un huevo que piensen lo contrar…;FAVOR
Por eso en EEUU con la pena de muerte instaurada no hay delitos. Son populistas de la peor condición. https://t.co/KPJl…;AGAINST
#VenezuelaExigeJuicioAMaduroYA El cucuteño usurpador merece la pena de muerte en plaza pública a manos del pueblo y el ojo por ojo al resto de los choros rojos que están plenamente identificados, donde quiera que se escondan,como hicieron los israelíes con los nazis;FAVOR
A los niños también se les debería aplicar pena de muerte o por lo menos prisión (prisión, no una escuela militar que de nasa sirve o un reformatorio pedorro), no por ser niños se salvan de sus acciones, se debe hacer consciencia desde temprana edad.;FAVOR
me acuerdo q de pequeña le pregunte a mi viejo q pensaba de la pena de muerte y me dijo q alguien q hace algo muy terrible tiene q estar preso toda la vida para vivir con lo que hizo, la muerte es una salida facil;AGAINST
no estoy a FAVORor de la pena de muerte, pero Vos le estás dando el mismo valor a la vida de un trabajador que a la vida de un inútil que te puede robar la vida por un capricho. Algún día entenderás que no es lo mismo.;AGAINST
Gracias al amarillismo hay gente pidiendo la pena de muerte. Claro, lumbreras, pide la pena de muerte en un país en el que t…;AGAINST
¿Os imagináis que hubiera existido la pena de muerte cuando acusaron a Dolores Vázquez?  No se puede legislar con las v…;AGAINST
PENA DE MUERTE a quienes autorizaron apoyar a ICA y perder dinero del fondo de Pensiones del ISSSTE. ;FAVOR
Viejo loco que propongan la pena de muerte como su partido ya negocio con las maras las medidas extra…;AGAINST
Estoy AGAINSTtra de la pena de muerte pero MUY a FAVORor de la perpetua efectiva. Encuentren a estos hdp y que paguen de po…;AGAINST
No a la prisión permanente revisable.. SI A LA PENA DE MUERTE!!;FAVOR
Mientras anoche una multitud gritaba pena de muerte, la madre de Gabriel Cruz declaraba ésto esta mañana. Que extraordinari…;AGAINST
Totalmente de acuerdo y eso no quiere decir que entremos AGAINSTtradicción si pedimos la pena de muerte a viejos que ni ellos mismos se quieren ni son capaces que amar ni hacer el bien a nadie mas, criminales confesos;FAVOR
Si sos elegis la mano dura, apoyas la pena de muerte etc dejame de seguir bloqueame o lo que sea. Gracias;AGAINST
Ya no se puede ser un racista de mierda y pedir la pena de muerte con una antorcha en la mano sin que te llamen facha :(;AGAINST
"Con la pena de muerte se desactivarían esas bombas, así de claro. Francisco Llamazares: ""Hay presos que son 'bombas atómocas'";FAVOR
¿Si se pide la pena de muerte para los asesinos de niños, también se pide para los políticos y militares que han bombardeado numerosos países asesinando a muchos? ¿Para los explotadores que los asesinan de hambre?;AGAINST
#VenezuelaExigeJuicioAMaduroYA El cucuteño usurpador merece la pena de muerte en plaza pública a manos del pueblo y el ojo por ojo al resto de los choros rojos que están plenamente identificados, donde quiera que se escondan,como hicieron los israelíes con los nazis;FAVOR
"La pena de muerte ya existió; la tortura también; la presunción de culpabilidad también; los juicios secretos también...…";AGAINST
Existe la pena de muerte en la Argentina, es la que ejercen los delincuentes con cada uno de nosotros, es una to…;FAVOR
Para la familia de la víctima, el daño ya está hecho. Ni siquiera la pena de muerte mitigaría ese daño. Los Estados de Derecho maduros y democráticos intentan darle al castigo punitivo de los delitos alguna reinserción social.;AGAINST
Un sacerdote español, a FAVORor de la pena de muerte para casos como el del pequeño Gabriel;FAVOR
Esa multitud gritando “pena de muerte” mientras da botes y saluda a cámara descojonándose me ha helado la sangre. No se,…;AGAINST
"SI LEGALIZAN EL ABORTO, Q LEGALICEN LA PENA DE MUERTE. SI VAMOS A MATAR INOCENTES Q NO HAN PODIDO HACER NADA; MATEMOS…";FAVOR
Si se pueden abortar (matar) a criaturas inocentes, me resulta de toda lógica reactivar pena de muerte para violadores, pe…;FAVOR
quiero en Argentina la pena de muerte para los asesinos;FAVOR
#pescaito gabriel D.E.P. estas camino del cielo , te recordaremos SIEMPRE...PENA DE MUERTE , YA...que está IMNOMBRABLE…;FAVOR
#VenezuelaExigeJuicioAMaduroYA El cucuteño usurpador merece la pena de muerte en plaza pública a manos del pueblo y el ojo por ojo al resto de los choros rojos que están plenamente identificados, donde quiera que se escondan,como hicieron los israelíes con los nazis;FAVOR
¿Os imagináis que hubiera existido la pena de muerte cuando acusaron a Dolores Vázquez?  No se puede legislar con las v…;AGAINST
RT @mijailrag: Pienso lo mismo. En ese caso yo merecería la pena de muerte por lo que hablo de Keiko con mis patas. https://t.co/VkR7eR8rhv;AGAINST
Siempre la pedí y sigo pidiéndola: PENA DE MUERTE PARA ASESINOS MÚLTIPLES, PARA ASESINOS DE INDEFENSOS Y PARA LOS TRAIDORES A ESPAÑA. No al buenismo ni a la falsedad de los rojos;FAVOR
Ojalá le dieran la pena de muerte y eso que sigue siendo poco para un perro sin amo como este;FAVOR
No se si eso es cierto,  pero de serlo se merece pena de muerte.;FAVOR
¿Si se pide la pena de muerte para los asesinos de niños, también se pide para los políticos y militares que han bombardeado numerosos países asesinando a muchos? ¿Para los explotadores que los asesinan de hambre?;AGAINST
Derecha: despedazar y dar de comer a los cerdos a los que cometen crímenes atroces. Centro: pena de muerte en plaza p…;AGAINST
La pena de muerte es signo peculiar de la barbarie. (Victor Hugo) ;AGAINST
SANTOS YA NO  MAS DIALOGOS  Y  CURULES  PARA BANDOLEROS Y VILLANOS,,  PENA DE MUERTE , LOS COLOMBIANOS   LO ELIGIMOS  PARA QUE NOS PROTEJA DE DE ESOS  CRIMINALES DE NIÑOS,,;FAVOR
"SI LEGALIZAN EL ABORTO, Q LEGALICEN LA PENA DE MUERTE. SI VAMOS A MATAR INOCENTES Q NO HAN PODIDO HACER NADA; MATEMOS…";FAVOR
Cuando van a poner la pena de muerte para estos hijos de puta????? La vida del otro no vale nada para ellos. Pero a no…;FAVOR
 Por que no hacen y aprueban una ley donde digan que político que robe se le de pena de muerte y se haga expropiación de todos sus bienes;FAVOR
Ya no se puede ser un racista de mierda y pedir la pena de muerte con una antorcha en la mano sin que te llamen facha :(;AGAINST
Si les parece que no y que ni la cadena perpetua no funciona,porque seguirá habiendo crímenes,podemos probar con la pena de muerte.;FAVOR
Ya no se puede ser un racista de mierda y pedir la pena de muerte con una antorcha en la mano sin que te llamen facha :(;AGAINST
¿Os imagináis que hubiera existido la pena de muerte cuando acusaron a Dolores Vázquez?  No se puede legislar con las v…;AGAINST
#VenezuelaExigeJuicioAMaduroYA El cucuteño usurpador merece la pena de muerte en plaza pública a manos del pueblo y el ojo por ojo al resto de los choros rojos que están plenamente identificados, donde quiera que se escondan,como hicieron los israelíes con los nazis;FAVOR
Para ser más incongruentes (como si eso fuera posible) a los de si a la vida solo les faltaría pedir la pena de muerte par…;AGAINST
Hay que poner la pena de muerte, que derechos humanos, que pais poronga;FAVOR
La pena de muerte suele aumentar la violencia porque provoca que los asesinos no dejen testigos, piensen e…;AGAINST
Ya no se puede ser un racista de mierda y pedir la pena de muerte con una antorcha en la mano sin que te llamen facha :(;AGAINST
¿Por qué los que se oponen a la pena de muerte de asesinos de niños, están a FAVORor del aborto?  Vaya pleonasmo que me acaba de salir.;FAVOR
como no van a extraditar a ese guerrillero asesino. Ojala le den pena de muerte en los ee.uu..;FAVOR
La cadena perpetua y la pena de muerte no son un debate, excepto que aún no hayas aprobado ética en la ESO o seas un fascista.;AGAINST
Siempre la pedí y sigo pidiéndola: PENA DE MUERTE PARA ASESINOS MÚLTIPLES, PARA ASESINOS DE INDEFENSOS Y PARA LOS TRAIDORES A ESPAÑA. No al buenismo ni a la falsedad de los rojos;FAVOR
Que NO quede impune , PENA DE MUERTE , YA...;FAVOR
"mi hermano compartió en facebook ""si vamos a legalizar el aborto también legalicemos la pena de muerte, si vamos a mat…";AGAINST
No publicado en gaceta oficial, pero en Venezuela decir “asesinado” parece ser pagado con la pena de muerte.;AGAINST
La solución a la delincuencia no es el aumento de seguridad... es la pena de muerte, hasta cuando viejo.;FAVOR
No lo es. Al quitar la pena de muerte, los homicidios ni subieron, ni bajaron. Países con criminalidad similar t…;AGAINST
"Si hay un castigo no es la pena de muerte o la prisión permanente revisable
Es leer vuestros tuits sobre ello";AGAINST
Estaría bueno si existiera la pena de muerte. Cambien la ley y estaremos de acuerdo. Mientras tanto el q mate a este loquito es homicida. Así las cosas! Reflexión. Alguien imagina a Bonadío, Ercolini, Lorenzetti, dictanto sentencias de muerte? Yo paso...;AGAINST
Señor candidato porque no implementar en el país la pena de muerte o la limpieza social para tantos delincuentes;FAVOR
Ellos ejercen la pena de muerte para los trabajadores...y? Nadie dice nada...existen más DDHH para los para los delincuentes qe para una persona de bien;AGAINST
PENA DE MUERTE...no quiero mantener a NO-GENTE !!!;FAVOR
"""La pena de muerte marca el límite de lo que una sociedad está dispuesta a tolerar. Luego si no hay pena de muerte es que…";FAVOR
Un dia te hacen una campaña provida contra el aborto y a la semana siguiente apoyan la pena de muerte. Que difícil es ser una…;AGAINST
¿Si se pide la pena de muerte para los asesinos de niños, también se pide para los políticos y militares que han bombardeado numerosos países asesinando a muchos? ¿Para los explotadores que los asesinan de hambre?;AGAINST
si hay algo más lamentable que el motivo del #ParoDeColectivos es leer gente pidiendo chocobares y pena de muerte. lo…;AGAINST
Gracias al amarillismo hay gente pidiendo la pena de muerte. Claro, lumbreras, pide la pena de muerte en un país en el que t…;AGAINST
